gpu_model_clean,gpu_vintage_group,instance_type,ondemand_trng_median,ondemand_inf_median,ondemand_sla_h4p0_trng_median,ondemand_sla_h4p0_inf_median,spot_trng_median,spot_inf_median
QA100,Mainstream Modern AI,dl2q.24xlarge,11884.563279857395,14525.577342047927,11884.563279857395,14525.577342047927,10329.500891265594,12624.94553376906
K520,Legacy / Older Vintage,g2.2xlarge,2405.47063555913,2940.0196656833828,2405.47063555913,2940.0196656833828,,
K520,Legacy / Older Vintage,g2.8xlarge,2405.47063555913,2940.0196656833828,2405.47063555913,2940.0196656833828,,
M60,Legacy / Older Vintage,g3.16xlarge,3270.2328159645226,3996.951219512194,3270.2328159645226,3996.951219512194,,
M60,Legacy / Older Vintage,g3.4xlarge,3270.2328159645226,3996.951219512194,3270.2328159645226,3996.951219512194,,
M60,Legacy / Older Vintage,g3.8xlarge,3270.2328159645226,3996.951219512194,3270.2328159645226,3996.951219512194,,
M60,Legacy / Older Vintage,g3s.xlarge,2480.4281834158805,3031.634446397188,2480.4281834158805,3031.634446397188,,
V520,Legacy / Older Vintage,g4ad.16xlarge,3336.4751812604563,4077.914110429448,3336.4751812604563,4077.914110429448,2150.333240379252,2628.1850715746423
V520,Legacy / Older Vintage,g4ad.2xlarge,2278.389261744966,2784.6979865771814,2278.389261744966,2784.6979865771814,1164.874923733984,1423.736017897092
V520,Legacy / Older Vintage,g4ad.4xlarge,3336.4751812604563,4077.914110429448,3336.4751812604563,4077.914110429448,1400.0111544896818,1711.1247443762784
V520,Legacy / Older Vintage,g4ad.8xlarge,3336.4751812604563,4077.914110429448,3336.4751812604563,4077.914110429448,1305.150585610708,1595.1840490797547
V520,Legacy / Older Vintage,g4ad.xlarge,1671.991037131882,2043.5446009389675,1671.991037131882,2043.5446009389675,506.2355953905249,618.7323943661972
T4,Transitional / Early AI,g4dn.12xlarge,8346.567717996288,10201.360544217689,8346.567717996288,10201.360544217689,2744.211502782931,3354.0362811791383
T4,Transitional / Early AI,g4dn.16xlarge,12999.480519480518,15888.253968253968,12999.480519480518,15888.253968253968,3595.1688311688304,4394.095238095238
T4,Transitional / Early AI,g4dn.2xlarge,7487.445887445885,9151.32275132275,7487.445887445885,9151.32275132275,2854.588744588744,3488.941798941799
T4,Transitional / Early AI,g4dn.4xlarge,8990.909090909088,10988.888888888889,8990.909090909088,10988.888888888889,3205.064935064934,3917.301587301588
T4,Transitional / Early AI,g4dn.8xlarge,10832.900432900433,13240.21164021164,10832.900432900433,13240.21164021164,3242.900432900432,3963.544973544973
T4,Transitional / Early AI,g4dn.metal,8346.567717996288,10201.360544217689,8346.567717996288,10201.360544217689,3328.065862708719,4067.636054421768
T4,Transitional / Early AI,g4dn.xlarge,6284.675324675323,7681.269841269841,6284.675324675323,7681.269841269841,2623.792207792207,3206.857142857142
A10G,Mainstream Modern AI,g5.12xlarge,8013.267813267811,9793.993993993992,8013.267813267811,9793.993993993992,3122.518427518427,3816.411411411411
A10G,Mainstream Modern AI,g5.16xlarge,12719.351935193516,15545.874587458744,12719.351935193516,15545.874587458744,4456.741674167416,5447.128712871287
A10G,Mainstream Modern AI,g5.24xlarge,9675.206611570247,11825.252525252525,9675.206611570247,11825.252525252525,5518.574380165288,6744.924242424242
A10G,Mainstream Modern AI,g5.2xlarge,7310.139860139858,8934.615384615383,7310.139860139858,8934.615384615383,2889.6765734265728,3531.826923076923
A10G,Mainstream Modern AI,g5.48xlarge,9675.206611570247,11825.252525252525,9675.206611570247,11825.252525252525,4907.874483471073,5998.513257575757
A10G,Mainstream Modern AI,g5.4xlarge,8632.97380585516,10551.412429378532,8632.97380585516,10551.412429378532,3890.1540832049295,4754.632768361582
A10G,Mainstream Modern AI,g5.8xlarge,10517.559153175587,12854.794520547945,10517.559153175587,12854.794520547945,5182.303860523038,6333.926940639269
A10G,Mainstream Modern AI,g5.xlarge,6505.529522024366,7951.202749140894,6505.529522024366,7951.202749140894,3133.776944704779,3830.171821305842
T4G,Mainstream Modern AI,g5g.16xlarge,11474.909090909088,14024.888888888889,11474.909090909088,14024.888888888889,2493.2,3047.244444444444
T4G,Mainstream Modern AI,g5g.2xlarge,6940.569877883309,8482.918739635157,6940.569877883309,8482.918739635157,2941.0040705563083,3594.560530679933
T4G,Mainstream Modern AI,g5g.4xlarge,8878.321678321676,10851.282051282047,8878.321678321676,10851.282051282047,2576.643356643356,3149.230769230769
T4G,Mainstream Modern AI,g5g.8xlarge,11474.909090909088,14024.888888888889,11474.909090909088,14024.888888888889,4681.127272727272,5721.377777777777
T4G,Mainstream Modern AI,g5g.metal,11474.909090909088,14024.888888888889,11474.909090909088,14024.888888888889,2746.199999999999,3356.4666666666662
T4G,Mainstream Modern AI,g5g.xlarge,5711.751662971174,6981.029810298102,5711.751662971174,6981.029810298102,1698.566149297856,2076.025293586269
L4,Mainstream Modern AI,g6.12xlarge,11240.101954120646,13737.90238836968,11240.101954120646,13737.90238836968,5462.744265080713,6676.687435098651
L4,Mainstream Modern AI,g6.16xlarge,13728.86597938144,16779.725085910653,13728.86597938144,16779.725085910653,5062.640581068416,6187.671821305841
L4,Mainstream Modern AI,g6.24xlarge,12286.299615877078,15016.58841940532,12286.299615877078,15016.58841940532,6353.345070422534,7765.199530516431
L4,Mainstream Modern AI,g6.2xlarge,10720.661157024791,13103.030303030306,10720.661157024791,13103.030303030306,6198.156389065479,7575.524475524478
L4,Mainstream Modern AI,g6.48xlarge,12286.299615877078,15016.58841940532,12286.299615877078,15016.58841940532,6202.140685019205,7580.394170579029
L4,Mainstream Modern AI,g6.4xlarge,11657.40551583248,14247.940074906364,11657.40551583248,14247.940074906364,5894.777834525025,7204.728464419475
L4,Mainstream Modern AI,g6.8xlarge,12737.683284457476,15568.279569892473,12737.683284457476,15568.279569892473,7295.207111436948,8916.364247311827
L4,Mainstream Modern AI,g6.xlarge,10056.35639261137,12291.10225763612,10056.35639261137,12291.10225763612,4798.2614994567175,5864.5418326693225
L40S,Mainstream Modern AI,g6e.12xlarge,7123.075560802831,8705.98124098124,7123.075560802831,8705.98124098124,3123.600944510035,3817.734487734488
L40S,Mainstream Modern AI,g6e.16xlarge,14760.779220779215,18040.95238095238,14760.779220779215,18040.95238095238,3648.8961038961024,4459.761904761905
L40S,Mainstream Modern AI,g6e.24xlarge,9375.238095238094,11458.624338624337,9375.238095238094,11458.624338624337,2534.107142857142,3097.242063492063
L40S,Mainstream Modern AI,g6e.2xlarge,6278.607954545454,7673.854166666668,6278.607954545454,7673.854166666668,2769.521103896104,3384.9702380952385
L40S,Mainstream Modern AI,g6e.48xlarge,9375.238095238094,11458.624338624337,9375.238095238094,11458.624338624337,2957.516233766233,3614.742063492063
L40S,Mainstream Modern AI,g6e.4xlarge,7917.868601986247,9677.394957983191,7917.868601986247,9677.394957983191,3295.290297937356,4027.577030812325
L40S,Mainstream Modern AI,g6e.8xlarge,10679.200273410795,13052.35588972431,10679.200273410795,13052.35588972431,3357.559808612439,4103.684210526315
L40S,Mainstream Modern AI,g6e.xlarge,5379.514034352743,6574.961597542243,5379.514034352743,6574.961597542243,2568.638458315877,3139.4470046082947
L4,Mainstream Modern AI,g6f.2xlarge,12014.29618768328,14684.139784946236,12014.29618768328,14684.139784946236,5205.351906158357,6362.096774193548
L4,Mainstream Modern AI,g6f.4xlarge,12014.29618768328,14684.139784946236,12014.29618768328,14684.139784946236,5659.3658357771255,6917.002688172042
L4,Mainstream Modern AI,g6f.large,14236.976506639428,17400.74906367041,14236.976506639428,17400.74906367041,3982.124616956077,4867.041198501872
L4,Mainstream Modern AI,g6f.xlarge,12014.29618768328,14684.139784946236,12014.29618768328,14684.139784946236,4785.4838709677415,5848.924731182796
GB202,Mainstream Modern AI,g7e.12xlarge,6300.17520661157,7700.214141414141,6300.17520661157,7700.214141414141,2084.978512396694,2548.3070707070706
GB202,Mainstream Modern AI,g7e.24xlarge,6300.17520661157,7700.214141414141,6300.17520661157,7700.214141414141,1986.781818181818,2428.288888888889
GB202,Mainstream Modern AI,g7e.2xlarge,5588.293798916314,6830.136865342163,5588.293798916314,6830.136865342163,1718.3118603251048,2100.1589403973508
GB202,Mainstream Modern AI,g7e.48xlarge,6300.156198347107,7700.190909090909,6300.156198347107,7700.190909090909,2231.418181818182,2727.288888888889
GB202,Mainstream Modern AI,g7e.4xlarge,6349.270425776754,7760.2194092827,6349.270425776754,7760.2194092827,1883.0886075949363,2301.5527426160334
GB202,Mainstream Modern AI,g7e.8xlarge,7685.112050739956,9392.91472868217,7685.112050739956,9392.91472868217,2143.813953488372,2620.2170542635654
L4,Mainstream Modern AI,gr6.4xlarge,13560.367722165473,16573.782771535578,13560.367722165473,16573.782771535578,6163.483146067415,7533.146067415729
L4,Mainstream Modern AI,gr6.8xlarge,15469.354838709676,18906.989247311827,15469.354838709676,18906.989247311827,8385.346407624633,10248.756720430109
L4,Mainstream Modern AI,gr6f.4xlarge,13481.30498533724,16477.150537634407,13481.30498533724,16477.150537634407,5534.164222873899,6763.978494623655
K80,Legacy / Older Vintage,p2.16xlarge,5664.335664335664,6923.076923076924,5664.335664335664,6923.076923076924,,
K80,Legacy / Older Vintage,p2.8xlarge,5664.335664335664,6923.076923076924,5664.335664335664,6923.076923076924,,
K80,Legacy / Older Vintage,p2.xlarge,2976.513820099057,3637.961335676626,2976.513820099057,3637.961335676626,,
V100,Transitional / Early AI,p3.16xlarge,9629.370629370627,11769.230769230771,9629.370629370627,11769.230769230771,1717.9851398601395,2099.7596153846152
V100,Transitional / Early AI,p3.2xlarge,9629.370629370627,11769.230769230771,9629.370629370627,11769.230769230771,1071.8181818181818,1310.0000000000002
V100,Transitional / Early AI,p3.8xlarge,9629.370629370627,11769.230769230771,9629.370629370627,11769.230769230771,1379.1870629370628,1685.6730769230771
V100,Transitional / Early AI,p3dn.24xlarge,11330.113636363634,13847.916666666664,11330.113636363634,13847.916666666664,2678.6505681818176,3273.9062499999995
A100,Mainstream Modern AI,p4d.24xlarge,6237.954545454543,7624.166666666666,6237.954545454543,7624.166666666666,3028.8920454545446,3701.9791666666665
A100,Mainstream Modern AI,p4de.24xlarge,7797.471590909088,9530.243055555557,7797.471590909088,9530.243055555557,4261.789772727271,5208.854166666666
H100,Mainstream Modern AI,p5.48xlarge,9341.204250295155,11417.027417027415,9341.204250295155,11417.027417027415,5043.418683589137,6164.178391053391
H100,Mainstream Modern AI,p5.4xlarge,9633.116883116882,11773.809523809525,9633.116883116882,11773.809523809525,5369.342532467532,6562.529761904762
H200,Emerging / Frontier AI,p5en.48xlarge,10647.3195348497,13013.39054259408,10647.3195348497,13013.39054259408,3104.6383383310163,3794.557969071243
B200,Emerging / Frontier AI,p6-b200.48xlarge,13690.984326018806,16733.42528735632,13690.984326018806,16733.42528735632,3625.384012539184,4431.024904214559
B300,Emerging / Frontier AI,p6-b300.48xlarge,15672.574162679424,19155.36842105263,15672.574162679424,19155.36842105263,3150.00956937799,3850.011695906432
