panel,instance_type,gpu_model_clean,gpu_vintage_group,canonical_basis_scenario,base_ondemand_voll_usd_per_mwh,gpu_class_median_voll_usd_per_mwh,distance_to_gpu_class_median,H_CUMULATIVE,U_mth,service_credit_share,service_credit_share_prev,service_credit_share_diff,voll_ondemand_incl_sla_usd_per_mwh
H_CUMULATIVE,p4d.24xlarge,A100,Mainstream Modern AI,trng_median,4931.189363995688,5547.599263384836,616.4098993891484,0.0,0.1,0.0,0.0,0.0,4931.189363995688
H_CUMULATIVE,p4d.24xlarge,A100,Mainstream Modern AI,trng_median,4931.189363995688,5547.599263384836,616.4098993891484,1.0,0.1,0.0,0.0,0.0,4931.189363995688
H_CUMULATIVE,p4d.24xlarge,A100,Mainstream Modern AI,trng_median,4931.189363995688,5547.599263384836,616.4098993891484,2.0,0.1,0.0,0.0,0.0,4931.189363995688
H_CUMULATIVE,p4d.24xlarge,A100,Mainstream Modern AI,trng_median,4931.189363995688,5547.599263384836,616.4098993891484,3.0,0.1,0.1,0.0,0.1,40928.871721164214
H_CUMULATIVE,p4d.24xlarge,A100,Mainstream Modern AI,trng_median,4931.189363995688,5547.599263384836,616.4098993891484,4.0,0.1,0.1,0.1,0.0,4931.189363995688
H_CUMULATIVE,p4d.24xlarge,A100,Mainstream Modern AI,trng_median,4931.189363995688,5547.599263384836,616.4098993891484,5.0,0.1,0.1,0.1,0.0,4931.189363995688
H_CUMULATIVE,p4d.24xlarge,A100,Mainstream Modern AI,trng_median,4931.189363995688,5547.599263384836,616.4098993891484,6.0,0.1,0.1,0.1,0.0,4931.189363995688
H_CUMULATIVE,p4d.24xlarge,A100,Mainstream Modern AI,trng_median,4931.189363995688,5547.599263384836,616.4098993891484,7.0,0.1,0.3,0.1,0.19999999999999998,76926.55407833275
H_CUMULATIVE,p4d.24xlarge,A100,Mainstream Modern AI,trng_median,4931.189363995688,5547.599263384836,616.4098993891484,8.0,0.1,0.3,0.3,0.0,4931.189363995688
H_CUMULATIVE,p4d.24xlarge,A100,Mainstream Modern AI,trng_median,4931.189363995688,5547.599263384836,616.4098993891484,9.0,0.1,0.3,0.3,0.0,4931.189363995688
H_CUMULATIVE,p4d.24xlarge,A100,Mainstream Modern AI,trng_median,4931.189363995688,5547.599263384836,616.4098993891484,10.0,0.1,0.3,0.3,0.0,4931.189363995688
H_CUMULATIVE,p4d.24xlarge,A100,Mainstream Modern AI,trng_median,4931.189363995688,5547.599263384836,616.4098993891484,11.0,0.1,0.3,0.3,0.0,4931.189363995688
H_CUMULATIVE,p4d.24xlarge,A100,Mainstream Modern AI,trng_median,4931.189363995688,5547.599263384836,616.4098993891484,12.0,0.1,0.3,0.3,0.0,4931.189363995688
H_CUMULATIVE,p4d.24xlarge,A100,Mainstream Modern AI,trng_median,4931.189363995688,5547.599263384836,616.4098993891484,13.0,0.1,0.3,0.3,0.0,4931.189363995688
H_CUMULATIVE,p4d.24xlarge,A100,Mainstream Modern AI,trng_median,4931.189363995688,5547.599263384836,616.4098993891484,14.0,0.1,0.3,0.3,0.0,4931.189363995688
H_CUMULATIVE,p4d.24xlarge,A100,Mainstream Modern AI,trng_median,4931.189363995688,5547.599263384836,616.4098993891484,15.0,0.1,0.3,0.3,0.0,4931.189363995688
H_CUMULATIVE,p4d.24xlarge,A100,Mainstream Modern AI,trng_median,4931.189363995688,5547.599263384836,616.4098993891484,16.0,0.1,0.3,0.3,0.0,4931.189363995688
H_CUMULATIVE,p4d.24xlarge,A100,Mainstream Modern AI,trng_median,4931.189363995688,5547.599263384836,616.4098993891484,17.0,0.1,0.3,0.3,0.0,4931.189363995688
H_CUMULATIVE,p4d.24xlarge,A100,Mainstream Modern AI,trng_median,4931.189363995688,5547.599263384836,616.4098993891484,18.0,0.1,0.3,0.3,0.0,4931.189363995688
H_CUMULATIVE,p4d.24xlarge,A100,Mainstream Modern AI,trng_median,4931.189363995688,5547.599263384836,616.4098993891484,19.0,0.1,0.3,0.3,0.0,4931.189363995688
H_CUMULATIVE,p4d.24xlarge,A100,Mainstream Modern AI,trng_median,4931.189363995688,5547.599263384836,616.4098993891484,20.0,0.1,0.3,0.3,0.0,4931.189363995688
U_mth,p4d.24xlarge,A100,Mainstream Modern AI,trng_median,4931.189363995688,5547.599263384836,616.4098993891484,4.0,0.0,0.1,,,4931.189363995688
U_mth,p4d.24xlarge,A100,Mainstream Modern AI,trng_median,4931.189363995688,5547.599263384836,616.4098993891484,4.0,0.01,0.1,,,8530.95759971254
U_mth,p4d.24xlarge,A100,Mainstream Modern AI,trng_median,4931.189363995688,5547.599263384836,616.4098993891484,4.0,0.02,0.1,,,12130.725835429392
U_mth,p4d.24xlarge,A100,Mainstream Modern AI,trng_median,4931.189363995688,5547.599263384836,616.4098993891484,4.0,0.03,0.1,,,15730.494071146244
U_mth,p4d.24xlarge,A100,Mainstream Modern AI,trng_median,4931.189363995688,5547.599263384836,616.4098993891484,4.0,0.04,0.1,,,19330.262306863096
U_mth,p4d.24xlarge,A100,Mainstream Modern AI,trng_median,4931.189363995688,5547.599263384836,616.4098993891484,4.0,0.05,0.1,,,22930.03054257995
U_mth,p4d.24xlarge,A100,Mainstream Modern AI,trng_median,4931.189363995688,5547.599263384836,616.4098993891484,4.0,0.06,0.1,,,26529.7987782968
U_mth,p4d.24xlarge,A100,Mainstream Modern AI,trng_median,4931.189363995688,5547.599263384836,616.4098993891484,4.0,0.07,0.1,,,30129.567014013654
U_mth,p4d.24xlarge,A100,Mainstream Modern AI,trng_median,4931.189363995688,5547.599263384836,616.4098993891484,4.0,0.08,0.1,,,33729.3352497305
U_mth,p4d.24xlarge,A100,Mainstream Modern AI,trng_median,4931.189363995688,5547.599263384836,616.4098993891484,4.0,0.09,0.1,,,37329.103485447355
U_mth,p4d.24xlarge,A100,Mainstream Modern AI,trng_median,4931.189363995688,5547.599263384836,616.4098993891484,4.0,0.1,0.1,,,40928.871721164214
U_mth,p4d.24xlarge,A100,Mainstream Modern AI,trng_median,4931.189363995688,5547.599263384836,616.4098993891484,4.0,0.11,0.1,,,44528.63995688106
U_mth,p4d.24xlarge,A100,Mainstream Modern AI,trng_median,4931.189363995688,5547.599263384836,616.4098993891484,4.0,0.12,0.1,,,48128.40819259791
U_mth,p4d.24xlarge,A100,Mainstream Modern AI,trng_median,4931.189363995688,5547.599263384836,616.4098993891484,4.0,0.13,0.1,,,51728.176428314764
U_mth,p4d.24xlarge,A100,Mainstream Modern AI,trng_median,4931.189363995688,5547.599263384836,616.4098993891484,4.0,0.14,0.1,,,55327.944664031624
U_mth,p4d.24xlarge,A100,Mainstream Modern AI,trng_median,4931.189363995688,5547.599263384836,616.4098993891484,4.0,0.15,0.1,,,58927.71289974847
U_mth,p4d.24xlarge,A100,Mainstream Modern AI,trng_median,4931.189363995688,5547.599263384836,616.4098993891484,4.0,0.16,0.1,,,62527.48113546532
U_mth,p4d.24xlarge,A100,Mainstream Modern AI,trng_median,4931.189363995688,5547.599263384836,616.4098993891484,4.0,0.17,0.1,,,66127.24937118217
U_mth,p4d.24xlarge,A100,Mainstream Modern AI,trng_median,4931.189363995688,5547.599263384836,616.4098993891484,4.0,0.18,0.1,,,69727.01760689903
U_mth,p4d.24xlarge,A100,Mainstream Modern AI,trng_median,4931.189363995688,5547.599263384836,616.4098993891484,4.0,0.19,0.1,,,73326.78584261588
U_mth,p4d.24xlarge,A100,Mainstream Modern AI,trng_median,4931.189363995688,5547.599263384836,616.4098993891484,4.0,0.2,0.1,,,76926.55407833275
U_mth,p4d.24xlarge,A100,Mainstream Modern AI,trng_median,4931.189363995688,5547.599263384836,616.4098993891484,4.0,0.21,0.1,,,80526.32231404957
U_mth,p4d.24xlarge,A100,Mainstream Modern AI,trng_median,4931.189363995688,5547.599263384836,616.4098993891484,4.0,0.22,0.1,,,84126.09054976644
U_mth,p4d.24xlarge,A100,Mainstream Modern AI,trng_median,4931.189363995688,5547.599263384836,616.4098993891484,4.0,0.23,0.1,,,87725.85878548329
U_mth,p4d.24xlarge,A100,Mainstream Modern AI,trng_median,4931.189363995688,5547.599263384836,616.4098993891484,4.0,0.24,0.1,,,91325.62702120014
U_mth,p4d.24xlarge,A100,Mainstream Modern AI,trng_median,4931.189363995688,5547.599263384836,616.4098993891484,4.0,0.25,0.1,,,94925.39525691699
U_mth,p4d.24xlarge,A100,Mainstream Modern AI,trng_median,4931.189363995688,5547.599263384836,616.4098993891484,4.0,0.26,0.1,,,98525.16349263384
U_mth,p4d.24xlarge,A100,Mainstream Modern AI,trng_median,4931.189363995688,5547.599263384836,616.4098993891484,4.0,0.27,0.1,,,102124.9317283507
U_mth,p4d.24xlarge,A100,Mainstream Modern AI,trng_median,4931.189363995688,5547.599263384836,616.4098993891484,4.0,0.28,0.1,,,105724.69996406755
U_mth,p4d.24xlarge,A100,Mainstream Modern AI,trng_median,4931.189363995688,5547.599263384836,616.4098993891484,4.0,0.29,0.1,,,109324.46819978439
U_mth,p4d.24xlarge,A100,Mainstream Modern AI,trng_median,4931.189363995688,5547.599263384836,616.4098993891484,4.0,0.3,0.1,,,112924.23643550124
H_CUMULATIVE,g5.24xlarge,A10G,Mainstream Modern AI,trng_median,7648.384673178061,7236.434947598977,411.94972557908477,0.0,0.1,0.0,0.0,0.0,7648.384673178061
H_CUMULATIVE,g5.24xlarge,A10G,Mainstream Modern AI,trng_median,7648.384673178061,7236.434947598977,411.94972557908477,1.0,0.1,0.0,0.0,0.0,7648.384673178061
H_CUMULATIVE,g5.24xlarge,A10G,Mainstream Modern AI,trng_median,7648.384673178061,7236.434947598977,411.94972557908477,2.0,0.1,0.0,0.0,0.0,7648.384673178061
H_CUMULATIVE,g5.24xlarge,A10G,Mainstream Modern AI,trng_median,7648.384673178061,7236.434947598977,411.94972557908477,3.0,0.1,0.1,0.0,0.1,63481.592787377915
H_CUMULATIVE,g5.24xlarge,A10G,Mainstream Modern AI,trng_median,7648.384673178061,7236.434947598977,411.94972557908477,4.0,0.1,0.1,0.1,0.0,7648.384673178061
H_CUMULATIVE,g5.24xlarge,A10G,Mainstream Modern AI,trng_median,7648.384673178061,7236.434947598977,411.94972557908477,5.0,0.1,0.1,0.1,0.0,7648.384673178061
H_CUMULATIVE,g5.24xlarge,A10G,Mainstream Modern AI,trng_median,7648.384673178061,7236.434947598977,411.94972557908477,6.0,0.1,0.1,0.1,0.0,7648.384673178061
H_CUMULATIVE,g5.24xlarge,A10G,Mainstream Modern AI,trng_median,7648.384673178061,7236.434947598977,411.94972557908477,7.0,0.1,0.3,0.1,0.19999999999999998,119314.80090157776
H_CUMULATIVE,g5.24xlarge,A10G,Mainstream Modern AI,trng_median,7648.384673178061,7236.434947598977,411.94972557908477,8.0,0.1,0.3,0.3,0.0,7648.384673178061
H_CUMULATIVE,g5.24xlarge,A10G,Mainstream Modern AI,trng_median,7648.384673178061,7236.434947598977,411.94972557908477,9.0,0.1,0.3,0.3,0.0,7648.384673178061
H_CUMULATIVE,g5.24xlarge,A10G,Mainstream Modern AI,trng_median,7648.384673178061,7236.434947598977,411.94972557908477,10.0,0.1,0.3,0.3,0.0,7648.384673178061
H_CUMULATIVE,g5.24xlarge,A10G,Mainstream Modern AI,trng_median,7648.384673178061,7236.434947598977,411.94972557908477,11.0,0.1,0.3,0.3,0.0,7648.384673178061
H_CUMULATIVE,g5.24xlarge,A10G,Mainstream Modern AI,trng_median,7648.384673178061,7236.434947598977,411.94972557908477,12.0,0.1,0.3,0.3,0.0,7648.384673178061
H_CUMULATIVE,g5.24xlarge,A10G,Mainstream Modern AI,trng_median,7648.384673178061,7236.434947598977,411.94972557908477,13.0,0.1,0.3,0.3,0.0,7648.384673178061
H_CUMULATIVE,g5.24xlarge,A10G,Mainstream Modern AI,trng_median,7648.384673178061,7236.434947598977,411.94972557908477,14.0,0.1,0.3,0.3,0.0,7648.384673178061
H_CUMULATIVE,g5.24xlarge,A10G,Mainstream Modern AI,trng_median,7648.384673178061,7236.434947598977,411.94972557908477,15.0,0.1,0.3,0.3,0.0,7648.384673178061
H_CUMULATIVE,g5.24xlarge,A10G,Mainstream Modern AI,trng_median,7648.384673178061,7236.434947598977,411.94972557908477,16.0,0.1,0.3,0.3,0.0,7648.384673178061
H_CUMULATIVE,g5.24xlarge,A10G,Mainstream Modern AI,trng_median,7648.384673178061,7236.434947598977,411.94972557908477,17.0,0.1,0.3,0.3,0.0,7648.384673178061
H_CUMULATIVE,g5.24xlarge,A10G,Mainstream Modern AI,trng_median,7648.384673178061,7236.434947598977,411.94972557908477,18.0,0.1,0.3,0.3,0.0,7648.384673178061
H_CUMULATIVE,g5.24xlarge,A10G,Mainstream Modern AI,trng_median,7648.384673178061,7236.434947598977,411.94972557908477,19.0,0.1,0.3,0.3,0.0,7648.384673178061
H_CUMULATIVE,g5.24xlarge,A10G,Mainstream Modern AI,trng_median,7648.384673178061,7236.434947598977,411.94972557908477,20.0,0.1,0.3,0.3,0.0,7648.384673178061
U_mth,g5.24xlarge,A10G,Mainstream Modern AI,trng_median,7648.384673178061,7236.434947598977,411.94972557908477,4.0,0.0,0.1,,,7648.384673178061
U_mth,g5.24xlarge,A10G,Mainstream Modern AI,trng_median,7648.384673178061,7236.434947598977,411.94972557908477,4.0,0.01,0.1,,,13231.705484598046
U_mth,g5.24xlarge,A10G,Mainstream Modern AI,trng_median,7648.384673178061,7236.434947598977,411.94972557908477,4.0,0.02,0.1,,,18815.02629601803
U_mth,g5.24xlarge,A10G,Mainstream Modern AI,trng_median,7648.384673178061,7236.434947598977,411.94972557908477,4.0,0.03,0.1,,,24398.347107438014
U_mth,g5.24xlarge,A10G,Mainstream Modern AI,trng_median,7648.384673178061,7236.434947598977,411.94972557908477,4.0,0.04,0.1,,,29981.667918858
U_mth,g5.24xlarge,A10G,Mainstream Modern AI,trng_median,7648.384673178061,7236.434947598977,411.94972557908477,4.0,0.05,0.1,,,35564.98873027799
U_mth,g5.24xlarge,A10G,Mainstream Modern AI,trng_median,7648.384673178061,7236.434947598977,411.94972557908477,4.0,0.06,0.1,,,41148.30954169797
U_mth,g5.24xlarge,A10G,Mainstream Modern AI,trng_median,7648.384673178061,7236.434947598977,411.94972557908477,4.0,0.07,0.1,,,46731.63035311796
U_mth,g5.24xlarge,A10G,Mainstream Modern AI,trng_median,7648.384673178061,7236.434947598977,411.94972557908477,4.0,0.08,0.1,,,52314.95116453794
U_mth,g5.24xlarge,A10G,Mainstream Modern AI,trng_median,7648.384673178061,7236.434947598977,411.94972557908477,4.0,0.09,0.1,,,57898.27197595792
U_mth,g5.24xlarge,A10G,Mainstream Modern AI,trng_median,7648.384673178061,7236.434947598977,411.94972557908477,4.0,0.1,0.1,,,63481.592787377915
U_mth,g5.24xlarge,A10G,Mainstream Modern AI,trng_median,7648.384673178061,7236.434947598977,411.94972557908477,4.0,0.11,0.1,,,69064.9135987979
U_mth,g5.24xlarge,A10G,Mainstream Modern AI,trng_median,7648.384673178061,7236.434947598977,411.94972557908477,4.0,0.12,0.1,,,74648.23441021788
U_mth,g5.24xlarge,A10G,Mainstream Modern AI,trng_median,7648.384673178061,7236.434947598977,411.94972557908477,4.0,0.13,0.1,,,80231.55522163787
U_mth,g5.24xlarge,A10G,Mainstream Modern AI,trng_median,7648.384673178061,7236.434947598977,411.94972557908477,4.0,0.14,0.1,,,85814.87603305785
U_mth,g5.24xlarge,A10G,Mainstream Modern AI,trng_median,7648.384673178061,7236.434947598977,411.94972557908477,4.0,0.15,0.1,,,91398.19684447783
U_mth,g5.24xlarge,A10G,Mainstream Modern AI,trng_median,7648.384673178061,7236.434947598977,411.94972557908477,4.0,0.16,0.1,,,96981.51765589781
U_mth,g5.24xlarge,A10G,Mainstream Modern AI,trng_median,7648.384673178061,7236.434947598977,411.94972557908477,4.0,0.17,0.1,,,102564.83846731781
U_mth,g5.24xlarge,A10G,Mainstream Modern AI,trng_median,7648.384673178061,7236.434947598977,411.94972557908477,4.0,0.18,0.1,,,108148.15927873777
U_mth,g5.24xlarge,A10G,Mainstream Modern AI,trng_median,7648.384673178061,7236.434947598977,411.94972557908477,4.0,0.19,0.1,,,113731.48009015778
U_mth,g5.24xlarge,A10G,Mainstream Modern AI,trng_median,7648.384673178061,7236.434947598977,411.94972557908477,4.0,0.2,0.1,,,119314.80090157776
U_mth,g5.24xlarge,A10G,Mainstream Modern AI,trng_median,7648.384673178061,7236.434947598977,411.94972557908477,4.0,0.21,0.1,,,124898.12171299773
U_mth,g5.24xlarge,A10G,Mainstream Modern AI,trng_median,7648.384673178061,7236.434947598977,411.94972557908477,4.0,0.22,0.1,,,130481.44252441771
U_mth,g5.24xlarge,A10G,Mainstream Modern AI,trng_median,7648.384673178061,7236.434947598977,411.94972557908477,4.0,0.23,0.1,,,136064.7633358377
U_mth,g5.24xlarge,A10G,Mainstream Modern AI,trng_median,7648.384673178061,7236.434947598977,411.94972557908477,4.0,0.24,0.1,,,141648.0841472577
U_mth,g5.24xlarge,A10G,Mainstream Modern AI,trng_median,7648.384673178061,7236.434947598977,411.94972557908477,4.0,0.25,0.1,,,147231.40495867768
U_mth,g5.24xlarge,A10G,Mainstream Modern AI,trng_median,7648.384673178061,7236.434947598977,411.94972557908477,4.0,0.26,0.1,,,152814.72577009766
U_mth,g5.24xlarge,A10G,Mainstream Modern AI,trng_median,7648.384673178061,7236.434947598977,411.94972557908477,4.0,0.27,0.1,,,158398.04658151764
U_mth,g5.24xlarge,A10G,Mainstream Modern AI,trng_median,7648.384673178061,7236.434947598977,411.94972557908477,4.0,0.28,0.1,,,163981.36739293765
U_mth,g5.24xlarge,A10G,Mainstream Modern AI,trng_median,7648.384673178061,7236.434947598977,411.94972557908477,4.0,0.29,0.1,,,169564.6882043576
U_mth,g5.24xlarge,A10G,Mainstream Modern AI,trng_median,7648.384673178061,7236.434947598977,411.94972557908477,4.0,0.3,0.1,,,175148.00901577758
H_CUMULATIVE,g7e.12xlarge,GB202,Mainstream Modern AI,trng_median,4980.375657400449,4980.375657400449,0.0,0.0,0.1,0.0,0.0,0.0,4980.375657400449
H_CUMULATIVE,g7e.12xlarge,GB202,Mainstream Modern AI,trng_median,4980.375657400449,4980.375657400449,0.0,1.0,0.1,0.0,0.0,0.0,4980.375657400449
H_CUMULATIVE,g7e.12xlarge,GB202,Mainstream Modern AI,trng_median,4980.375657400449,4980.375657400449,0.0,2.0,0.1,0.0,0.0,0.0,4980.375657400449
H_CUMULATIVE,g7e.12xlarge,GB202,Mainstream Modern AI,trng_median,4980.375657400449,4980.375657400449,0.0,3.0,0.1,0.1,0.0,0.1,41337.11795642373
H_CUMULATIVE,g7e.12xlarge,GB202,Mainstream Modern AI,trng_median,4980.375657400449,4980.375657400449,0.0,4.0,0.1,0.1,0.1,0.0,4980.375657400449
H_CUMULATIVE,g7e.12xlarge,GB202,Mainstream Modern AI,trng_median,4980.375657400449,4980.375657400449,0.0,5.0,0.1,0.1,0.1,0.0,4980.375657400449
H_CUMULATIVE,g7e.12xlarge,GB202,Mainstream Modern AI,trng_median,4980.375657400449,4980.375657400449,0.0,6.0,0.1,0.1,0.1,0.0,4980.375657400449
H_CUMULATIVE,g7e.12xlarge,GB202,Mainstream Modern AI,trng_median,4980.375657400449,4980.375657400449,0.0,7.0,0.1,0.3,0.1,0.19999999999999998,77693.86025544701
H_CUMULATIVE,g7e.12xlarge,GB202,Mainstream Modern AI,trng_median,4980.375657400449,4980.375657400449,0.0,8.0,0.1,0.3,0.3,0.0,4980.375657400449
H_CUMULATIVE,g7e.12xlarge,GB202,Mainstream Modern AI,trng_median,4980.375657400449,4980.375657400449,0.0,9.0,0.1,0.3,0.3,0.0,4980.375657400449
H_CUMULATIVE,g7e.12xlarge,GB202,Mainstream Modern AI,trng_median,4980.375657400449,4980.375657400449,0.0,10.0,0.1,0.3,0.3,0.0,4980.375657400449
H_CUMULATIVE,g7e.12xlarge,GB202,Mainstream Modern AI,trng_median,4980.375657400449,4980.375657400449,0.0,11.0,0.1,0.3,0.3,0.0,4980.375657400449
H_CUMULATIVE,g7e.12xlarge,GB202,Mainstream Modern AI,trng_median,4980.375657400449,4980.375657400449,0.0,12.0,0.1,0.3,0.3,0.0,4980.375657400449
H_CUMULATIVE,g7e.12xlarge,GB202,Mainstream Modern AI,trng_median,4980.375657400449,4980.375657400449,0.0,13.0,0.1,0.3,0.3,0.0,4980.375657400449
H_CUMULATIVE,g7e.12xlarge,GB202,Mainstream Modern AI,trng_median,4980.375657400449,4980.375657400449,0.0,14.0,0.1,0.3,0.3,0.0,4980.375657400449
H_CUMULATIVE,g7e.12xlarge,GB202,Mainstream Modern AI,trng_median,4980.375657400449,4980.375657400449,0.0,15.0,0.1,0.3,0.3,0.0,4980.375657400449
H_CUMULATIVE,g7e.12xlarge,GB202,Mainstream Modern AI,trng_median,4980.375657400449,4980.375657400449,0.0,16.0,0.1,0.3,0.3,0.0,4980.375657400449
H_CUMULATIVE,g7e.12xlarge,GB202,Mainstream Modern AI,trng_median,4980.375657400449,4980.375657400449,0.0,17.0,0.1,0.3,0.3,0.0,4980.375657400449
H_CUMULATIVE,g7e.12xlarge,GB202,Mainstream Modern AI,trng_median,4980.375657400449,4980.375657400449,0.0,18.0,0.1,0.3,0.3,0.0,4980.375657400449
H_CUMULATIVE,g7e.12xlarge,GB202,Mainstream Modern AI,trng_median,4980.375657400449,4980.375657400449,0.0,19.0,0.1,0.3,0.3,0.0,4980.375657400449
H_CUMULATIVE,g7e.12xlarge,GB202,Mainstream Modern AI,trng_median,4980.375657400449,4980.375657400449,0.0,20.0,0.1,0.3,0.3,0.0,4980.375657400449
U_mth,g7e.12xlarge,GB202,Mainstream Modern AI,trng_median,4980.375657400449,4980.375657400449,0.0,4.0,0.0,0.1,,,4980.375657400449
U_mth,g7e.12xlarge,GB202,Mainstream Modern AI,trng_median,4980.375657400449,4980.375657400449,0.0,4.0,0.01,0.1,,,8616.049887302777
U_mth,g7e.12xlarge,GB202,Mainstream Modern AI,trng_median,4980.375657400449,4980.375657400449,0.0,4.0,0.02,0.1,,,12251.724117205105
U_mth,g7e.12xlarge,GB202,Mainstream Modern AI,trng_median,4980.375657400449,4980.375657400449,0.0,4.0,0.03,0.1,,,15887.398347107433
U_mth,g7e.12xlarge,GB202,Mainstream Modern AI,trng_median,4980.375657400449,4980.375657400449,0.0,4.0,0.04,0.1,,,19523.07257700976
U_mth,g7e.12xlarge,GB202,Mainstream Modern AI,trng_median,4980.375657400449,4980.375657400449,0.0,4.0,0.05,0.1,,,23158.74680691209
U_mth,g7e.12xlarge,GB202,Mainstream Modern AI,trng_median,4980.375657400449,4980.375657400449,0.0,4.0,0.06,0.1,,,26794.421036814416
U_mth,g7e.12xlarge,GB202,Mainstream Modern AI,trng_median,4980.375657400449,4980.375657400449,0.0,4.0,0.07,0.1,,,30430.095266716748
U_mth,g7e.12xlarge,GB202,Mainstream Modern AI,trng_median,4980.375657400449,4980.375657400449,0.0,4.0,0.08,0.1,,,34065.76949661907
U_mth,g7e.12xlarge,GB202,Mainstream Modern AI,trng_median,4980.375657400449,4980.375657400449,0.0,4.0,0.09,0.1,,,37701.4437265214
U_mth,g7e.12xlarge,GB202,Mainstream Modern AI,trng_median,4980.375657400449,4980.375657400449,0.0,4.0,0.1,0.1,,,41337.11795642373
U_mth,g7e.12xlarge,GB202,Mainstream Modern AI,trng_median,4980.375657400449,4980.375657400449,0.0,4.0,0.11,0.1,,,44972.792186326056
U_mth,g7e.12xlarge,GB202,Mainstream Modern AI,trng_median,4980.375657400449,4980.375657400449,0.0,4.0,0.12,0.1,,,48608.46641622838
U_mth,g7e.12xlarge,GB202,Mainstream Modern AI,trng_median,4980.375657400449,4980.375657400449,0.0,4.0,0.13,0.1,,,52244.14064613071
U_mth,g7e.12xlarge,GB202,Mainstream Modern AI,trng_median,4980.375657400449,4980.375657400449,0.0,4.0,0.14,0.1,,,55879.814876033044
U_mth,g7e.12xlarge,GB202,Mainstream Modern AI,trng_median,4980.375657400449,4980.375657400449,0.0,4.0,0.15,0.1,,,59515.48910593536
U_mth,g7e.12xlarge,GB202,Mainstream Modern AI,trng_median,4980.375657400449,4980.375657400449,0.0,4.0,0.16,0.1,,,63151.16333583769
U_mth,g7e.12xlarge,GB202,Mainstream Modern AI,trng_median,4980.375657400449,4980.375657400449,0.0,4.0,0.17,0.1,,,66786.83756574002
U_mth,g7e.12xlarge,GB202,Mainstream Modern AI,trng_median,4980.375657400449,4980.375657400449,0.0,4.0,0.18,0.1,,,70422.51179564235
U_mth,g7e.12xlarge,GB202,Mainstream Modern AI,trng_median,4980.375657400449,4980.375657400449,0.0,4.0,0.19,0.1,,,74058.18602554468
U_mth,g7e.12xlarge,GB202,Mainstream Modern AI,trng_median,4980.375657400449,4980.375657400449,0.0,4.0,0.2,0.1,,,77693.86025544701
U_mth,g7e.12xlarge,GB202,Mainstream Modern AI,trng_median,4980.375657400449,4980.375657400449,0.0,4.0,0.21,0.1,,,81329.53448534933
U_mth,g7e.12xlarge,GB202,Mainstream Modern AI,trng_median,4980.375657400449,4980.375657400449,0.0,4.0,0.22,0.1,,,84965.20871525166
U_mth,g7e.12xlarge,GB202,Mainstream Modern AI,trng_median,4980.375657400449,4980.375657400449,0.0,4.0,0.23,0.1,,,88600.882945154
U_mth,g7e.12xlarge,GB202,Mainstream Modern AI,trng_median,4980.375657400449,4980.375657400449,0.0,4.0,0.24,0.1,,,92236.55717505631
U_mth,g7e.12xlarge,GB202,Mainstream Modern AI,trng_median,4980.375657400449,4980.375657400449,0.0,4.0,0.25,0.1,,,95872.23140495864
U_mth,g7e.12xlarge,GB202,Mainstream Modern AI,trng_median,4980.375657400449,4980.375657400449,0.0,4.0,0.26,0.1,,,99507.90563486097
U_mth,g7e.12xlarge,GB202,Mainstream Modern AI,trng_median,4980.375657400449,4980.375657400449,0.0,4.0,0.27,0.1,,,103143.5798647633
U_mth,g7e.12xlarge,GB202,Mainstream Modern AI,trng_median,4980.375657400449,4980.375657400449,0.0,4.0,0.28,0.1,,,106779.25409466564
U_mth,g7e.12xlarge,GB202,Mainstream Modern AI,trng_median,4980.375657400449,4980.375657400449,0.0,4.0,0.29,0.1,,,110414.92832456795
U_mth,g7e.12xlarge,GB202,Mainstream Modern AI,trng_median,4980.375657400449,4980.375657400449,0.0,4.0,0.3,0.1,,,114050.60255447029
H_CUMULATIVE,p5.48xlarge,H100,Mainstream Modern AI,trng_median,7384.351186004077,7499.731673285391,115.38048728131344,0.0,0.1,0.0,0.0,0.0,7384.351186004077
H_CUMULATIVE,p5.48xlarge,H100,Mainstream Modern AI,trng_median,7384.351186004077,7499.731673285391,115.38048728131344,1.0,0.1,0.0,0.0,0.0,7384.351186004077
H_CUMULATIVE,p5.48xlarge,H100,Mainstream Modern AI,trng_median,7384.351186004077,7499.731673285391,115.38048728131344,2.0,0.1,0.0,0.0,0.0,7384.351186004077
H_CUMULATIVE,p5.48xlarge,H100,Mainstream Modern AI,trng_median,7384.351186004077,7499.731673285391,115.38048728131344,3.0,0.1,0.1,0.0,0.1,61290.11484383384
H_CUMULATIVE,p5.48xlarge,H100,Mainstream Modern AI,trng_median,7384.351186004077,7499.731673285391,115.38048728131344,4.0,0.1,0.1,0.1,0.0,7384.351186004077
H_CUMULATIVE,p5.48xlarge,H100,Mainstream Modern AI,trng_median,7384.351186004077,7499.731673285391,115.38048728131344,5.0,0.1,0.1,0.1,0.0,7384.351186004077
H_CUMULATIVE,p5.48xlarge,H100,Mainstream Modern AI,trng_median,7384.351186004077,7499.731673285391,115.38048728131344,6.0,0.1,0.1,0.1,0.0,7384.351186004077
H_CUMULATIVE,p5.48xlarge,H100,Mainstream Modern AI,trng_median,7384.351186004077,7499.731673285391,115.38048728131344,7.0,0.1,0.3,0.1,0.19999999999999998,115195.87850166361
H_CUMULATIVE,p5.48xlarge,H100,Mainstream Modern AI,trng_median,7384.351186004077,7499.731673285391,115.38048728131344,8.0,0.1,0.3,0.3,0.0,7384.351186004077
H_CUMULATIVE,p5.48xlarge,H100,Mainstream Modern AI,trng_median,7384.351186004077,7499.731673285391,115.38048728131344,9.0,0.1,0.3,0.3,0.0,7384.351186004077
H_CUMULATIVE,p5.48xlarge,H100,Mainstream Modern AI,trng_median,7384.351186004077,7499.731673285391,115.38048728131344,10.0,0.1,0.3,0.3,0.0,7384.351186004077
H_CUMULATIVE,p5.48xlarge,H100,Mainstream Modern AI,trng_median,7384.351186004077,7499.731673285391,115.38048728131344,11.0,0.1,0.3,0.3,0.0,7384.351186004077
H_CUMULATIVE,p5.48xlarge,H100,Mainstream Modern AI,trng_median,7384.351186004077,7499.731673285391,115.38048728131344,12.0,0.1,0.3,0.3,0.0,7384.351186004077
H_CUMULATIVE,p5.48xlarge,H100,Mainstream Modern AI,trng_median,7384.351186004077,7499.731673285391,115.38048728131344,13.0,0.1,0.3,0.3,0.0,7384.351186004077
H_CUMULATIVE,p5.48xlarge,H100,Mainstream Modern AI,trng_median,7384.351186004077,7499.731673285391,115.38048728131344,14.0,0.1,0.3,0.3,0.0,7384.351186004077
H_CUMULATIVE,p5.48xlarge,H100,Mainstream Modern AI,trng_median,7384.351186004077,7499.731673285391,115.38048728131344,15.0,0.1,0.3,0.3,0.0,7384.351186004077
H_CUMULATIVE,p5.48xlarge,H100,Mainstream Modern AI,trng_median,7384.351186004077,7499.731673285391,115.38048728131344,16.0,0.1,0.3,0.3,0.0,7384.351186004077
H_CUMULATIVE,p5.48xlarge,H100,Mainstream Modern AI,trng_median,7384.351186004077,7499.731673285391,115.38048728131344,17.0,0.1,0.3,0.3,0.0,7384.351186004077
H_CUMULATIVE,p5.48xlarge,H100,Mainstream Modern AI,trng_median,7384.351186004077,7499.731673285391,115.38048728131344,18.0,0.1,0.3,0.3,0.0,7384.351186004077
H_CUMULATIVE,p5.48xlarge,H100,Mainstream Modern AI,trng_median,7384.351186004077,7499.731673285391,115.38048728131344,19.0,0.1,0.3,0.3,0.0,7384.351186004077
H_CUMULATIVE,p5.48xlarge,H100,Mainstream Modern AI,trng_median,7384.351186004077,7499.731673285391,115.38048728131344,20.0,0.1,0.3,0.3,0.0,7384.351186004077
U_mth,p5.48xlarge,H100,Mainstream Modern AI,trng_median,7384.351186004077,7499.731673285391,115.38048728131344,4.0,0.0,0.1,,,7384.351186004077
U_mth,p5.48xlarge,H100,Mainstream Modern AI,trng_median,7384.351186004077,7499.731673285391,115.38048728131344,4.0,0.01,0.1,,,12774.927551787054
U_mth,p5.48xlarge,H100,Mainstream Modern AI,trng_median,7384.351186004077,7499.731673285391,115.38048728131344,4.0,0.02,0.1,,,18165.50391757003
U_mth,p5.48xlarge,H100,Mainstream Modern AI,trng_median,7384.351186004077,7499.731673285391,115.38048728131344,4.0,0.03,0.1,,,23556.080283353007
U_mth,p5.48xlarge,H100,Mainstream Modern AI,trng_median,7384.351186004077,7499.731673285391,115.38048728131344,4.0,0.04,0.1,,,28946.65664913598
U_mth,p5.48xlarge,H100,Mainstream Modern AI,trng_median,7384.351186004077,7499.731673285391,115.38048728131344,4.0,0.05,0.1,,,34337.23301491896
U_mth,p5.48xlarge,H100,Mainstream Modern AI,trng_median,7384.351186004077,7499.731673285391,115.38048728131344,4.0,0.06,0.1,,,39727.80938070193
U_mth,p5.48xlarge,H100,Mainstream Modern AI,trng_median,7384.351186004077,7499.731673285391,115.38048728131344,4.0,0.07,0.1,,,45118.38574648491
U_mth,p5.48xlarge,H100,Mainstream Modern AI,trng_median,7384.351186004077,7499.731673285391,115.38048728131344,4.0,0.08,0.1,,,50508.96211226789
U_mth,p5.48xlarge,H100,Mainstream Modern AI,trng_median,7384.351186004077,7499.731673285391,115.38048728131344,4.0,0.09,0.1,,,55899.53847805086
U_mth,p5.48xlarge,H100,Mainstream Modern AI,trng_median,7384.351186004077,7499.731673285391,115.38048728131344,4.0,0.1,0.1,,,61290.11484383384
U_mth,p5.48xlarge,H100,Mainstream Modern AI,trng_median,7384.351186004077,7499.731673285391,115.38048728131344,4.0,0.11,0.1,,,66680.69120961681
U_mth,p5.48xlarge,H100,Mainstream Modern AI,trng_median,7384.351186004077,7499.731673285391,115.38048728131344,4.0,0.12,0.1,,,72071.26757539979
U_mth,p5.48xlarge,H100,Mainstream Modern AI,trng_median,7384.351186004077,7499.731673285391,115.38048728131344,4.0,0.13,0.1,,,77461.84394118277
U_mth,p5.48xlarge,H100,Mainstream Modern AI,trng_median,7384.351186004077,7499.731673285391,115.38048728131344,4.0,0.14,0.1,,,82852.42030696575
U_mth,p5.48xlarge,H100,Mainstream Modern AI,trng_median,7384.351186004077,7499.731673285391,115.38048728131344,4.0,0.15,0.1,,,88242.99667274872
U_mth,p5.48xlarge,H100,Mainstream Modern AI,trng_median,7384.351186004077,7499.731673285391,115.38048728131344,4.0,0.16,0.1,,,93633.5730385317
U_mth,p5.48xlarge,H100,Mainstream Modern AI,trng_median,7384.351186004077,7499.731673285391,115.38048728131344,4.0,0.17,0.1,,,99024.14940431468
U_mth,p5.48xlarge,H100,Mainstream Modern AI,trng_median,7384.351186004077,7499.731673285391,115.38048728131344,4.0,0.18,0.1,,,104414.72577009765
U_mth,p5.48xlarge,H100,Mainstream Modern AI,trng_median,7384.351186004077,7499.731673285391,115.38048728131344,4.0,0.19,0.1,,,109805.30213588063
U_mth,p5.48xlarge,H100,Mainstream Modern AI,trng_median,7384.351186004077,7499.731673285391,115.38048728131344,4.0,0.2,0.1,,,115195.87850166361
U_mth,p5.48xlarge,H100,Mainstream Modern AI,trng_median,7384.351186004077,7499.731673285391,115.38048728131344,4.0,0.21,0.1,,,120586.45486744656
U_mth,p5.48xlarge,H100,Mainstream Modern AI,trng_median,7384.351186004077,7499.731673285391,115.38048728131344,4.0,0.22,0.1,,,125977.03123322954
U_mth,p5.48xlarge,H100,Mainstream Modern AI,trng_median,7384.351186004077,7499.731673285391,115.38048728131344,4.0,0.23,0.1,,,131367.60759901252
U_mth,p5.48xlarge,H100,Mainstream Modern AI,trng_median,7384.351186004077,7499.731673285391,115.38048728131344,4.0,0.24,0.1,,,136758.1839647955
U_mth,p5.48xlarge,H100,Mainstream Modern AI,trng_median,7384.351186004077,7499.731673285391,115.38048728131344,4.0,0.25,0.1,,,142148.7603305785
U_mth,p5.48xlarge,H100,Mainstream Modern AI,trng_median,7384.351186004077,7499.731673285391,115.38048728131344,4.0,0.26,0.1,,,147539.33669636145
U_mth,p5.48xlarge,H100,Mainstream Modern AI,trng_median,7384.351186004077,7499.731673285391,115.38048728131344,4.0,0.27,0.1,,,152929.91306214445
U_mth,p5.48xlarge,H100,Mainstream Modern AI,trng_median,7384.351186004077,7499.731673285391,115.38048728131344,4.0,0.28,0.1,,,158320.48942792742
U_mth,p5.48xlarge,H100,Mainstream Modern AI,trng_median,7384.351186004077,7499.731673285391,115.38048728131344,4.0,0.29,0.1,,,163711.06579371038
U_mth,p5.48xlarge,H100,Mainstream Modern AI,trng_median,7384.351186004077,7499.731673285391,115.38048728131344,4.0,0.3,0.1,,,169101.64215949335
H_CUMULATIVE,g6.24xlarge,L4,Mainstream Modern AI,trng_median,9712.489814922592,9712.489814922592,0.0,0.0,0.1,0.0,0.0,0.0,9712.489814922592
H_CUMULATIVE,g6.24xlarge,L4,Mainstream Modern AI,trng_median,9712.489814922592,9712.489814922592,0.0,1.0,0.1,0.0,0.0,0.0,9712.489814922592
H_CUMULATIVE,g6.24xlarge,L4,Mainstream Modern AI,trng_median,9712.489814922592,9712.489814922592,0.0,2.0,0.1,0.0,0.0,0.0,9712.489814922592
H_CUMULATIVE,g6.24xlarge,L4,Mainstream Modern AI,trng_median,9712.489814922592,9712.489814922592,0.0,3.0,0.1,0.1,0.0,0.1,80613.66546385751
H_CUMULATIVE,g6.24xlarge,L4,Mainstream Modern AI,trng_median,9712.489814922592,9712.489814922592,0.0,4.0,0.1,0.1,0.1,0.0,9712.489814922592
H_CUMULATIVE,g6.24xlarge,L4,Mainstream Modern AI,trng_median,9712.489814922592,9712.489814922592,0.0,5.0,0.1,0.1,0.1,0.0,9712.489814922592
H_CUMULATIVE,g6.24xlarge,L4,Mainstream Modern AI,trng_median,9712.489814922592,9712.489814922592,0.0,6.0,0.1,0.1,0.1,0.0,9712.489814922592
H_CUMULATIVE,g6.24xlarge,L4,Mainstream Modern AI,trng_median,9712.489814922592,9712.489814922592,0.0,7.0,0.1,0.3,0.1,0.19999999999999998,151514.84111279243
H_CUMULATIVE,g6.24xlarge,L4,Mainstream Modern AI,trng_median,9712.489814922592,9712.489814922592,0.0,8.0,0.1,0.3,0.3,0.0,9712.489814922592
H_CUMULATIVE,g6.24xlarge,L4,Mainstream Modern AI,trng_median,9712.489814922592,9712.489814922592,0.0,9.0,0.1,0.3,0.3,0.0,9712.489814922592
H_CUMULATIVE,g6.24xlarge,L4,Mainstream Modern AI,trng_median,9712.489814922592,9712.489814922592,0.0,10.0,0.1,0.3,0.3,0.0,9712.489814922592
H_CUMULATIVE,g6.24xlarge,L4,Mainstream Modern AI,trng_median,9712.489814922592,9712.489814922592,0.0,11.0,0.1,0.3,0.3,0.0,9712.489814922592
H_CUMULATIVE,g6.24xlarge,L4,Mainstream Modern AI,trng_median,9712.489814922592,9712.489814922592,0.0,12.0,0.1,0.3,0.3,0.0,9712.489814922592
H_CUMULATIVE,g6.24xlarge,L4,Mainstream Modern AI,trng_median,9712.489814922592,9712.489814922592,0.0,13.0,0.1,0.3,0.3,0.0,9712.489814922592
H_CUMULATIVE,g6.24xlarge,L4,Mainstream Modern AI,trng_median,9712.489814922592,9712.489814922592,0.0,14.0,0.1,0.3,0.3,0.0,9712.489814922592
H_CUMULATIVE,g6.24xlarge,L4,Mainstream Modern AI,trng_median,9712.489814922592,9712.489814922592,0.0,15.0,0.1,0.3,0.3,0.0,9712.489814922592
H_CUMULATIVE,g6.24xlarge,L4,Mainstream Modern AI,trng_median,9712.489814922592,9712.489814922592,0.0,16.0,0.1,0.3,0.3,0.0,9712.489814922592
H_CUMULATIVE,g6.24xlarge,L4,Mainstream Modern AI,trng_median,9712.489814922592,9712.489814922592,0.0,17.0,0.1,0.3,0.3,0.0,9712.489814922592
H_CUMULATIVE,g6.24xlarge,L4,Mainstream Modern AI,trng_median,9712.489814922592,9712.489814922592,0.0,18.0,0.1,0.3,0.3,0.0,9712.489814922592
H_CUMULATIVE,g6.24xlarge,L4,Mainstream Modern AI,trng_median,9712.489814922592,9712.489814922592,0.0,19.0,0.1,0.3,0.3,0.0,9712.489814922592
H_CUMULATIVE,g6.24xlarge,L4,Mainstream Modern AI,trng_median,9712.489814922592,9712.489814922592,0.0,20.0,0.1,0.3,0.3,0.0,9712.489814922592
U_mth,g6.24xlarge,L4,Mainstream Modern AI,trng_median,9712.489814922592,9712.489814922592,0.0,4.0,0.0,0.1,,,9712.489814922592
U_mth,g6.24xlarge,L4,Mainstream Modern AI,trng_median,9712.489814922592,9712.489814922592,0.0,4.0,0.01,0.1,,,16802.607379816083
U_mth,g6.24xlarge,L4,Mainstream Modern AI,trng_median,9712.489814922592,9712.489814922592,0.0,4.0,0.02,0.1,,,23892.724944709575
U_mth,g6.24xlarge,L4,Mainstream Modern AI,trng_median,9712.489814922592,9712.489814922592,0.0,4.0,0.03,0.1,,,30982.842509603066
U_mth,g6.24xlarge,L4,Mainstream Modern AI,trng_median,9712.489814922592,9712.489814922592,0.0,4.0,0.04,0.1,,,38072.96007449656
U_mth,g6.24xlarge,L4,Mainstream Modern AI,trng_median,9712.489814922592,9712.489814922592,0.0,4.0,0.05,0.1,,,45163.07763939005
U_mth,g6.24xlarge,L4,Mainstream Modern AI,trng_median,9712.489814922592,9712.489814922592,0.0,4.0,0.06,0.1,,,52253.19520428354
U_mth,g6.24xlarge,L4,Mainstream Modern AI,trng_median,9712.489814922592,9712.489814922592,0.0,4.0,0.07,0.1,,,59343.31276917704
U_mth,g6.24xlarge,L4,Mainstream Modern AI,trng_median,9712.489814922592,9712.489814922592,0.0,4.0,0.08,0.1,,,66433.43033407052
U_mth,g6.24xlarge,L4,Mainstream Modern AI,trng_median,9712.489814922592,9712.489814922592,0.0,4.0,0.09,0.1,,,73523.54789896401
U_mth,g6.24xlarge,L4,Mainstream Modern AI,trng_median,9712.489814922592,9712.489814922592,0.0,4.0,0.1,0.1,,,80613.66546385751
U_mth,g6.24xlarge,L4,Mainstream Modern AI,trng_median,9712.489814922592,9712.489814922592,0.0,4.0,0.11,0.1,,,87703.783028751
U_mth,g6.24xlarge,L4,Mainstream Modern AI,trng_median,9712.489814922592,9712.489814922592,0.0,4.0,0.12,0.1,,,94793.90059364449
U_mth,g6.24xlarge,L4,Mainstream Modern AI,trng_median,9712.489814922592,9712.489814922592,0.0,4.0,0.13,0.1,,,101884.01815853799
U_mth,g6.24xlarge,L4,Mainstream Modern AI,trng_median,9712.489814922592,9712.489814922592,0.0,4.0,0.14,0.1,,,108974.1357234315
U_mth,g6.24xlarge,L4,Mainstream Modern AI,trng_median,9712.489814922592,9712.489814922592,0.0,4.0,0.15,0.1,,,116064.25328832497
U_mth,g6.24xlarge,L4,Mainstream Modern AI,trng_median,9712.489814922592,9712.489814922592,0.0,4.0,0.16,0.1,,,123154.37085321847
U_mth,g6.24xlarge,L4,Mainstream Modern AI,trng_median,9712.489814922592,9712.489814922592,0.0,4.0,0.17,0.1,,,130244.48841811196
U_mth,g6.24xlarge,L4,Mainstream Modern AI,trng_median,9712.489814922592,9712.489814922592,0.0,4.0,0.18,0.1,,,137334.60598300543
U_mth,g6.24xlarge,L4,Mainstream Modern AI,trng_median,9712.489814922592,9712.489814922592,0.0,4.0,0.19,0.1,,,144424.72354789896
U_mth,g6.24xlarge,L4,Mainstream Modern AI,trng_median,9712.489814922592,9712.489814922592,0.0,4.0,0.2,0.1,,,151514.84111279243
U_mth,g6.24xlarge,L4,Mainstream Modern AI,trng_median,9712.489814922592,9712.489814922592,0.0,4.0,0.21,0.1,,,158604.9586776859
U_mth,g6.24xlarge,L4,Mainstream Modern AI,trng_median,9712.489814922592,9712.489814922592,0.0,4.0,0.22,0.1,,,165695.0762425794
U_mth,g6.24xlarge,L4,Mainstream Modern AI,trng_median,9712.489814922592,9712.489814922592,0.0,4.0,0.23,0.1,,,172785.1938074729
U_mth,g6.24xlarge,L4,Mainstream Modern AI,trng_median,9712.489814922592,9712.489814922592,0.0,4.0,0.24,0.1,,,179875.31137236638
U_mth,g6.24xlarge,L4,Mainstream Modern AI,trng_median,9712.489814922592,9712.489814922592,0.0,4.0,0.25,0.1,,,186965.4289372599
U_mth,g6.24xlarge,L4,Mainstream Modern AI,trng_median,9712.489814922592,9712.489814922592,0.0,4.0,0.26,0.1,,,194055.5465021534
U_mth,g6.24xlarge,L4,Mainstream Modern AI,trng_median,9712.489814922592,9712.489814922592,0.0,4.0,0.27,0.1,,,201145.6640670469
U_mth,g6.24xlarge,L4,Mainstream Modern AI,trng_median,9712.489814922592,9712.489814922592,0.0,4.0,0.28,0.1,,,208235.7816319404
U_mth,g6.24xlarge,L4,Mainstream Modern AI,trng_median,9712.489814922592,9712.489814922592,0.0,4.0,0.29,0.1,,,215325.89919683384
U_mth,g6.24xlarge,L4,Mainstream Modern AI,trng_median,9712.489814922592,9712.489814922592,0.0,4.0,0.3,0.1,,,222416.01676172734
H_CUMULATIVE,g6e.24xlarge,L40S,Mainstream Modern AI,trng_median,7411.255411255412,6835.220038428594,576.0353728268174,0.0,0.1,0.0,0.0,0.0,7411.255411255412
H_CUMULATIVE,g6e.24xlarge,L40S,Mainstream Modern AI,trng_median,7411.255411255412,6835.220038428594,576.0353728268174,1.0,0.1,0.0,0.0,0.0,7411.255411255412
H_CUMULATIVE,g6e.24xlarge,L40S,Mainstream Modern AI,trng_median,7411.255411255412,6835.220038428594,576.0353728268174,2.0,0.1,0.0,0.0,0.0,7411.255411255412
H_CUMULATIVE,g6e.24xlarge,L40S,Mainstream Modern AI,trng_median,7411.255411255412,6835.220038428594,576.0353728268174,3.0,0.1,0.1,0.0,0.1,61513.41991341992
H_CUMULATIVE,g6e.24xlarge,L40S,Mainstream Modern AI,trng_median,7411.255411255412,6835.220038428594,576.0353728268174,4.0,0.1,0.1,0.1,0.0,7411.255411255412
H_CUMULATIVE,g6e.24xlarge,L40S,Mainstream Modern AI,trng_median,7411.255411255412,6835.220038428594,576.0353728268174,5.0,0.1,0.1,0.1,0.0,7411.255411255412
H_CUMULATIVE,g6e.24xlarge,L40S,Mainstream Modern AI,trng_median,7411.255411255412,6835.220038428594,576.0353728268174,6.0,0.1,0.1,0.1,0.0,7411.255411255412
H_CUMULATIVE,g6e.24xlarge,L40S,Mainstream Modern AI,trng_median,7411.255411255412,6835.220038428594,576.0353728268174,7.0,0.1,0.3,0.1,0.19999999999999998,115615.58441558444
H_CUMULATIVE,g6e.24xlarge,L40S,Mainstream Modern AI,trng_median,7411.255411255412,6835.220038428594,576.0353728268174,8.0,0.1,0.3,0.3,0.0,7411.255411255412
H_CUMULATIVE,g6e.24xlarge,L40S,Mainstream Modern AI,trng_median,7411.255411255412,6835.220038428594,576.0353728268174,9.0,0.1,0.3,0.3,0.0,7411.255411255412
H_CUMULATIVE,g6e.24xlarge,L40S,Mainstream Modern AI,trng_median,7411.255411255412,6835.220038428594,576.0353728268174,10.0,0.1,0.3,0.3,0.0,7411.255411255412
H_CUMULATIVE,g6e.24xlarge,L40S,Mainstream Modern AI,trng_median,7411.255411255412,6835.220038428594,576.0353728268174,11.0,0.1,0.3,0.3,0.0,7411.255411255412
H_CUMULATIVE,g6e.24xlarge,L40S,Mainstream Modern AI,trng_median,7411.255411255412,6835.220038428594,576.0353728268174,12.0,0.1,0.3,0.3,0.0,7411.255411255412
H_CUMULATIVE,g6e.24xlarge,L40S,Mainstream Modern AI,trng_median,7411.255411255412,6835.220038428594,576.0353728268174,13.0,0.1,0.3,0.3,0.0,7411.255411255412
H_CUMULATIVE,g6e.24xlarge,L40S,Mainstream Modern AI,trng_median,7411.255411255412,6835.220038428594,576.0353728268174,14.0,0.1,0.3,0.3,0.0,7411.255411255412
H_CUMULATIVE,g6e.24xlarge,L40S,Mainstream Modern AI,trng_median,7411.255411255412,6835.220038428594,576.0353728268174,15.0,0.1,0.3,0.3,0.0,7411.255411255412
H_CUMULATIVE,g6e.24xlarge,L40S,Mainstream Modern AI,trng_median,7411.255411255412,6835.220038428594,576.0353728268174,16.0,0.1,0.3,0.3,0.0,7411.255411255412
H_CUMULATIVE,g6e.24xlarge,L40S,Mainstream Modern AI,trng_median,7411.255411255412,6835.220038428594,576.0353728268174,17.0,0.1,0.3,0.3,0.0,7411.255411255412
H_CUMULATIVE,g6e.24xlarge,L40S,Mainstream Modern AI,trng_median,7411.255411255412,6835.220038428594,576.0353728268174,18.0,0.1,0.3,0.3,0.0,7411.255411255412
H_CUMULATIVE,g6e.24xlarge,L40S,Mainstream Modern AI,trng_median,7411.255411255412,6835.220038428594,576.0353728268174,19.0,0.1,0.3,0.3,0.0,7411.255411255412
H_CUMULATIVE,g6e.24xlarge,L40S,Mainstream Modern AI,trng_median,7411.255411255412,6835.220038428594,576.0353728268174,20.0,0.1,0.3,0.3,0.0,7411.255411255412
U_mth,g6e.24xlarge,L40S,Mainstream Modern AI,trng_median,7411.255411255412,6835.220038428594,576.0353728268174,4.0,0.0,0.1,,,7411.255411255412
U_mth,g6e.24xlarge,L40S,Mainstream Modern AI,trng_median,7411.255411255412,6835.220038428594,576.0353728268174,4.0,0.01,0.1,,,12821.471861471862
U_mth,g6e.24xlarge,L40S,Mainstream Modern AI,trng_median,7411.255411255412,6835.220038428594,576.0353728268174,4.0,0.02,0.1,,,18231.68831168831
U_mth,g6e.24xlarge,L40S,Mainstream Modern AI,trng_median,7411.255411255412,6835.220038428594,576.0353728268174,4.0,0.03,0.1,,,23641.904761904763
U_mth,g6e.24xlarge,L40S,Mainstream Modern AI,trng_median,7411.255411255412,6835.220038428594,576.0353728268174,4.0,0.04,0.1,,,29052.121212121212
U_mth,g6e.24xlarge,L40S,Mainstream Modern AI,trng_median,7411.255411255412,6835.220038428594,576.0353728268174,4.0,0.05,0.1,,,34462.33766233767
U_mth,g6e.24xlarge,L40S,Mainstream Modern AI,trng_median,7411.255411255412,6835.220038428594,576.0353728268174,4.0,0.06,0.1,,,39872.55411255411
U_mth,g6e.24xlarge,L40S,Mainstream Modern AI,trng_median,7411.255411255412,6835.220038428594,576.0353728268174,4.0,0.07,0.1,,,45282.770562770565
U_mth,g6e.24xlarge,L40S,Mainstream Modern AI,trng_median,7411.255411255412,6835.220038428594,576.0353728268174,4.0,0.08,0.1,,,50692.98701298702
U_mth,g6e.24xlarge,L40S,Mainstream Modern AI,trng_median,7411.255411255412,6835.220038428594,576.0353728268174,4.0,0.09,0.1,,,56103.20346320346
U_mth,g6e.24xlarge,L40S,Mainstream Modern AI,trng_median,7411.255411255412,6835.220038428594,576.0353728268174,4.0,0.1,0.1,,,61513.41991341992
U_mth,g6e.24xlarge,L40S,Mainstream Modern AI,trng_median,7411.255411255412,6835.220038428594,576.0353728268174,4.0,0.11,0.1,,,66923.63636363637
U_mth,g6e.24xlarge,L40S,Mainstream Modern AI,trng_median,7411.255411255412,6835.220038428594,576.0353728268174,4.0,0.12,0.1,,,72333.85281385282
U_mth,g6e.24xlarge,L40S,Mainstream Modern AI,trng_median,7411.255411255412,6835.220038428594,576.0353728268174,4.0,0.13,0.1,,,77744.06926406927
U_mth,g6e.24xlarge,L40S,Mainstream Modern AI,trng_median,7411.255411255412,6835.220038428594,576.0353728268174,4.0,0.14,0.1,,,83154.28571428572
U_mth,g6e.24xlarge,L40S,Mainstream Modern AI,trng_median,7411.255411255412,6835.220038428594,576.0353728268174,4.0,0.15,0.1,,,88564.50216450216
U_mth,g6e.24xlarge,L40S,Mainstream Modern AI,trng_median,7411.255411255412,6835.220038428594,576.0353728268174,4.0,0.16,0.1,,,93974.71861471861
U_mth,g6e.24xlarge,L40S,Mainstream Modern AI,trng_median,7411.255411255412,6835.220038428594,576.0353728268174,4.0,0.17,0.1,,,99384.93506493507
U_mth,g6e.24xlarge,L40S,Mainstream Modern AI,trng_median,7411.255411255412,6835.220038428594,576.0353728268174,4.0,0.18,0.1,,,104795.1515151515
U_mth,g6e.24xlarge,L40S,Mainstream Modern AI,trng_median,7411.255411255412,6835.220038428594,576.0353728268174,4.0,0.19,0.1,,,110205.36796536797
U_mth,g6e.24xlarge,L40S,Mainstream Modern AI,trng_median,7411.255411255412,6835.220038428594,576.0353728268174,4.0,0.2,0.1,,,115615.58441558444
U_mth,g6e.24xlarge,L40S,Mainstream Modern AI,trng_median,7411.255411255412,6835.220038428594,576.0353728268174,4.0,0.21,0.1,,,121025.80086580086
U_mth,g6e.24xlarge,L40S,Mainstream Modern AI,trng_median,7411.255411255412,6835.220038428594,576.0353728268174,4.0,0.22,0.1,,,126436.01731601731
U_mth,g6e.24xlarge,L40S,Mainstream Modern AI,trng_median,7411.255411255412,6835.220038428594,576.0353728268174,4.0,0.23,0.1,,,131846.23376623378
U_mth,g6e.24xlarge,L40S,Mainstream Modern AI,trng_median,7411.255411255412,6835.220038428594,576.0353728268174,4.0,0.24,0.1,,,137256.45021645023
U_mth,g6e.24xlarge,L40S,Mainstream Modern AI,trng_median,7411.255411255412,6835.220038428594,576.0353728268174,4.0,0.25,0.1,,,142666.6666666667
U_mth,g6e.24xlarge,L40S,Mainstream Modern AI,trng_median,7411.255411255412,6835.220038428594,576.0353728268174,4.0,0.26,0.1,,,148076.88311688314
U_mth,g6e.24xlarge,L40S,Mainstream Modern AI,trng_median,7411.255411255412,6835.220038428594,576.0353728268174,4.0,0.27,0.1,,,153487.0995670996
U_mth,g6e.24xlarge,L40S,Mainstream Modern AI,trng_median,7411.255411255412,6835.220038428594,576.0353728268174,4.0,0.28,0.1,,,158897.31601731604
U_mth,g6e.24xlarge,L40S,Mainstream Modern AI,trng_median,7411.255411255412,6835.220038428594,576.0353728268174,4.0,0.29,0.1,,,164307.53246753247
U_mth,g6e.24xlarge,L40S,Mainstream Modern AI,trng_median,7411.255411255412,6835.220038428594,576.0353728268174,4.0,0.3,0.1,,,169717.74891774892
H_CUMULATIVE,dl2q.24xlarge,QA100,Mainstream Modern AI,trng_median,9394.911683681736,9394.911683681736,0.0,0.0,0.1,0.0,0.0,0.0,9394.911683681736
H_CUMULATIVE,dl2q.24xlarge,QA100,Mainstream Modern AI,trng_median,9394.911683681736,9394.911683681736,0.0,1.0,0.1,0.0,0.0,0.0,9394.911683681736
H_CUMULATIVE,dl2q.24xlarge,QA100,Mainstream Modern AI,trng_median,9394.911683681736,9394.911683681736,0.0,2.0,0.1,0.0,0.0,0.0,9394.911683681736
H_CUMULATIVE,dl2q.24xlarge,QA100,Mainstream Modern AI,trng_median,9394.911683681736,9394.911683681736,0.0,3.0,0.1,0.1,0.0,0.1,77977.76697455841
H_CUMULATIVE,dl2q.24xlarge,QA100,Mainstream Modern AI,trng_median,9394.911683681736,9394.911683681736,0.0,4.0,0.1,0.1,0.1,0.0,9394.911683681736
H_CUMULATIVE,dl2q.24xlarge,QA100,Mainstream Modern AI,trng_median,9394.911683681736,9394.911683681736,0.0,5.0,0.1,0.1,0.1,0.0,9394.911683681736
H_CUMULATIVE,dl2q.24xlarge,QA100,Mainstream Modern AI,trng_median,9394.911683681736,9394.911683681736,0.0,6.0,0.1,0.1,0.1,0.0,9394.911683681736
H_CUMULATIVE,dl2q.24xlarge,QA100,Mainstream Modern AI,trng_median,9394.911683681736,9394.911683681736,0.0,7.0,0.1,0.3,0.1,0.19999999999999998,146560.6222654351
H_CUMULATIVE,dl2q.24xlarge,QA100,Mainstream Modern AI,trng_median,9394.911683681736,9394.911683681736,0.0,8.0,0.1,0.3,0.3,0.0,9394.911683681736
H_CUMULATIVE,dl2q.24xlarge,QA100,Mainstream Modern AI,trng_median,9394.911683681736,9394.911683681736,0.0,9.0,0.1,0.3,0.3,0.0,9394.911683681736
H_CUMULATIVE,dl2q.24xlarge,QA100,Mainstream Modern AI,trng_median,9394.911683681736,9394.911683681736,0.0,10.0,0.1,0.3,0.3,0.0,9394.911683681736
H_CUMULATIVE,dl2q.24xlarge,QA100,Mainstream Modern AI,trng_median,9394.911683681736,9394.911683681736,0.0,11.0,0.1,0.3,0.3,0.0,9394.911683681736
H_CUMULATIVE,dl2q.24xlarge,QA100,Mainstream Modern AI,trng_median,9394.911683681736,9394.911683681736,0.0,12.0,0.1,0.3,0.3,0.0,9394.911683681736
H_CUMULATIVE,dl2q.24xlarge,QA100,Mainstream Modern AI,trng_median,9394.911683681736,9394.911683681736,0.0,13.0,0.1,0.3,0.3,0.0,9394.911683681736
H_CUMULATIVE,dl2q.24xlarge,QA100,Mainstream Modern AI,trng_median,9394.911683681736,9394.911683681736,0.0,14.0,0.1,0.3,0.3,0.0,9394.911683681736
H_CUMULATIVE,dl2q.24xlarge,QA100,Mainstream Modern AI,trng_median,9394.911683681736,9394.911683681736,0.0,15.0,0.1,0.3,0.3,0.0,9394.911683681736
H_CUMULATIVE,dl2q.24xlarge,QA100,Mainstream Modern AI,trng_median,9394.911683681736,9394.911683681736,0.0,16.0,0.1,0.3,0.3,0.0,9394.911683681736
H_CUMULATIVE,dl2q.24xlarge,QA100,Mainstream Modern AI,trng_median,9394.911683681736,9394.911683681736,0.0,17.0,0.1,0.3,0.3,0.0,9394.911683681736
H_CUMULATIVE,dl2q.24xlarge,QA100,Mainstream Modern AI,trng_median,9394.911683681736,9394.911683681736,0.0,18.0,0.1,0.3,0.3,0.0,9394.911683681736
H_CUMULATIVE,dl2q.24xlarge,QA100,Mainstream Modern AI,trng_median,9394.911683681736,9394.911683681736,0.0,19.0,0.1,0.3,0.3,0.0,9394.911683681736
H_CUMULATIVE,dl2q.24xlarge,QA100,Mainstream Modern AI,trng_median,9394.911683681736,9394.911683681736,0.0,20.0,0.1,0.3,0.3,0.0,9394.911683681736
U_mth,dl2q.24xlarge,QA100,Mainstream Modern AI,trng_median,9394.911683681736,9394.911683681736,0.0,4.0,0.0,0.1,,,9394.911683681736
U_mth,dl2q.24xlarge,QA100,Mainstream Modern AI,trng_median,9394.911683681736,9394.911683681736,0.0,4.0,0.01,0.1,,,16253.197212769403
U_mth,dl2q.24xlarge,QA100,Mainstream Modern AI,trng_median,9394.911683681736,9394.911683681736,0.0,4.0,0.02,0.1,,,23111.482741857068
U_mth,dl2q.24xlarge,QA100,Mainstream Modern AI,trng_median,9394.911683681736,9394.911683681736,0.0,4.0,0.03,0.1,,,29969.768270944736
U_mth,dl2q.24xlarge,QA100,Mainstream Modern AI,trng_median,9394.911683681736,9394.911683681736,0.0,4.0,0.04,0.1,,,36828.0538000324
U_mth,dl2q.24xlarge,QA100,Mainstream Modern AI,trng_median,9394.911683681736,9394.911683681736,0.0,4.0,0.05,0.1,,,43686.33932912008
U_mth,dl2q.24xlarge,QA100,Mainstream Modern AI,trng_median,9394.911683681736,9394.911683681736,0.0,4.0,0.06,0.1,,,50544.62485820774
U_mth,dl2q.24xlarge,QA100,Mainstream Modern AI,trng_median,9394.911683681736,9394.911683681736,0.0,4.0,0.07,0.1,,,57402.91038729541
U_mth,dl2q.24xlarge,QA100,Mainstream Modern AI,trng_median,9394.911683681736,9394.911683681736,0.0,4.0,0.08,0.1,,,64261.19591638307
U_mth,dl2q.24xlarge,QA100,Mainstream Modern AI,trng_median,9394.911683681736,9394.911683681736,0.0,4.0,0.09,0.1,,,71119.48144547074
U_mth,dl2q.24xlarge,QA100,Mainstream Modern AI,trng_median,9394.911683681736,9394.911683681736,0.0,4.0,0.1,0.1,,,77977.76697455841
U_mth,dl2q.24xlarge,QA100,Mainstream Modern AI,trng_median,9394.911683681736,9394.911683681736,0.0,4.0,0.11,0.1,,,84836.05250364606
U_mth,dl2q.24xlarge,QA100,Mainstream Modern AI,trng_median,9394.911683681736,9394.911683681736,0.0,4.0,0.12,0.1,,,91694.33803273374
U_mth,dl2q.24xlarge,QA100,Mainstream Modern AI,trng_median,9394.911683681736,9394.911683681736,0.0,4.0,0.13,0.1,,,98552.62356182141
U_mth,dl2q.24xlarge,QA100,Mainstream Modern AI,trng_median,9394.911683681736,9394.911683681736,0.0,4.0,0.14,0.1,,,105410.90909090907
U_mth,dl2q.24xlarge,QA100,Mainstream Modern AI,trng_median,9394.911683681736,9394.911683681736,0.0,4.0,0.15,0.1,,,112269.19461999674
U_mth,dl2q.24xlarge,QA100,Mainstream Modern AI,trng_median,9394.911683681736,9394.911683681736,0.0,4.0,0.16,0.1,,,119127.48014908441
U_mth,dl2q.24xlarge,QA100,Mainstream Modern AI,trng_median,9394.911683681736,9394.911683681736,0.0,4.0,0.17,0.1,,,125985.76567817207
U_mth,dl2q.24xlarge,QA100,Mainstream Modern AI,trng_median,9394.911683681736,9394.911683681736,0.0,4.0,0.18,0.1,,,132844.05120725973
U_mth,dl2q.24xlarge,QA100,Mainstream Modern AI,trng_median,9394.911683681736,9394.911683681736,0.0,4.0,0.19,0.1,,,139702.3367363474
U_mth,dl2q.24xlarge,QA100,Mainstream Modern AI,trng_median,9394.911683681736,9394.911683681736,0.0,4.0,0.2,0.1,,,146560.6222654351
U_mth,dl2q.24xlarge,QA100,Mainstream Modern AI,trng_median,9394.911683681736,9394.911683681736,0.0,4.0,0.21,0.1,,,153418.90779452273
U_mth,dl2q.24xlarge,QA100,Mainstream Modern AI,trng_median,9394.911683681736,9394.911683681736,0.0,4.0,0.22,0.1,,,160277.1933236104
U_mth,dl2q.24xlarge,QA100,Mainstream Modern AI,trng_median,9394.911683681736,9394.911683681736,0.0,4.0,0.23,0.1,,,167135.47885269806
U_mth,dl2q.24xlarge,QA100,Mainstream Modern AI,trng_median,9394.911683681736,9394.911683681736,0.0,4.0,0.24,0.1,,,173993.76438178573
U_mth,dl2q.24xlarge,QA100,Mainstream Modern AI,trng_median,9394.911683681736,9394.911683681736,0.0,4.0,0.25,0.1,,,180852.0499108734
U_mth,dl2q.24xlarge,QA100,Mainstream Modern AI,trng_median,9394.911683681736,9394.911683681736,0.0,4.0,0.26,0.1,,,187710.33543996108
U_mth,dl2q.24xlarge,QA100,Mainstream Modern AI,trng_median,9394.911683681736,9394.911683681736,0.0,4.0,0.27,0.1,,,194568.62096904876
U_mth,dl2q.24xlarge,QA100,Mainstream Modern AI,trng_median,9394.911683681736,9394.911683681736,0.0,4.0,0.28,0.1,,,201426.90649813644
U_mth,dl2q.24xlarge,QA100,Mainstream Modern AI,trng_median,9394.911683681736,9394.911683681736,0.0,4.0,0.29,0.1,,,208285.19202722405
U_mth,dl2q.24xlarge,QA100,Mainstream Modern AI,trng_median,9394.911683681736,9394.911683681736,0.0,4.0,0.3,0.1,,,215143.47755631173
H_CUMULATIVE,g5g.16xlarge,T4G,Mainstream Modern AI,trng_median,7819.891707039042,7092.725019385367,727.1666876536747,0.0,0.1,0.0,0.0,0.0,7819.891707039042
H_CUMULATIVE,g5g.16xlarge,T4G,Mainstream Modern AI,trng_median,7819.891707039042,7092.725019385367,727.1666876536747,1.0,0.1,0.0,0.0,0.0,7819.891707039042
H_CUMULATIVE,g5g.16xlarge,T4G,Mainstream Modern AI,trng_median,7819.891707039042,7092.725019385367,727.1666876536747,2.0,0.1,0.0,0.0,0.0,7819.891707039042
H_CUMULATIVE,g5g.16xlarge,T4G,Mainstream Modern AI,trng_median,7819.891707039042,7092.725019385367,727.1666876536747,3.0,0.1,0.1,0.0,0.1,64905.10116842405
H_CUMULATIVE,g5g.16xlarge,T4G,Mainstream Modern AI,trng_median,7819.891707039042,7092.725019385367,727.1666876536747,4.0,0.1,0.1,0.1,0.0,7819.891707039042
H_CUMULATIVE,g5g.16xlarge,T4G,Mainstream Modern AI,trng_median,7819.891707039042,7092.725019385367,727.1666876536747,5.0,0.1,0.1,0.1,0.0,7819.891707039042
H_CUMULATIVE,g5g.16xlarge,T4G,Mainstream Modern AI,trng_median,7819.891707039042,7092.725019385367,727.1666876536747,6.0,0.1,0.1,0.1,0.0,7819.891707039042
H_CUMULATIVE,g5g.16xlarge,T4G,Mainstream Modern AI,trng_median,7819.891707039042,7092.725019385367,727.1666876536747,7.0,0.1,0.3,0.1,0.19999999999999998,121990.31062980906
H_CUMULATIVE,g5g.16xlarge,T4G,Mainstream Modern AI,trng_median,7819.891707039042,7092.725019385367,727.1666876536747,8.0,0.1,0.3,0.3,0.0,7819.891707039042
H_CUMULATIVE,g5g.16xlarge,T4G,Mainstream Modern AI,trng_median,7819.891707039042,7092.725019385367,727.1666876536747,9.0,0.1,0.3,0.3,0.0,7819.891707039042
H_CUMULATIVE,g5g.16xlarge,T4G,Mainstream Modern AI,trng_median,7819.891707039042,7092.725019385367,727.1666876536747,10.0,0.1,0.3,0.3,0.0,7819.891707039042
H_CUMULATIVE,g5g.16xlarge,T4G,Mainstream Modern AI,trng_median,7819.891707039042,7092.725019385367,727.1666876536747,11.0,0.1,0.3,0.3,0.0,7819.891707039042
H_CUMULATIVE,g5g.16xlarge,T4G,Mainstream Modern AI,trng_median,7819.891707039042,7092.725019385367,727.1666876536747,12.0,0.1,0.3,0.3,0.0,7819.891707039042
H_CUMULATIVE,g5g.16xlarge,T4G,Mainstream Modern AI,trng_median,7819.891707039042,7092.725019385367,727.1666876536747,13.0,0.1,0.3,0.3,0.0,7819.891707039042
H_CUMULATIVE,g5g.16xlarge,T4G,Mainstream Modern AI,trng_median,7819.891707039042,7092.725019385367,727.1666876536747,14.0,0.1,0.3,0.3,0.0,7819.891707039042
H_CUMULATIVE,g5g.16xlarge,T4G,Mainstream Modern AI,trng_median,7819.891707039042,7092.725019385367,727.1666876536747,15.0,0.1,0.3,0.3,0.0,7819.891707039042
H_CUMULATIVE,g5g.16xlarge,T4G,Mainstream Modern AI,trng_median,7819.891707039042,7092.725019385367,727.1666876536747,16.0,0.1,0.3,0.3,0.0,7819.891707039042
H_CUMULATIVE,g5g.16xlarge,T4G,Mainstream Modern AI,trng_median,7819.891707039042,7092.725019385367,727.1666876536747,17.0,0.1,0.3,0.3,0.0,7819.891707039042
H_CUMULATIVE,g5g.16xlarge,T4G,Mainstream Modern AI,trng_median,7819.891707039042,7092.725019385367,727.1666876536747,18.0,0.1,0.3,0.3,0.0,7819.891707039042
H_CUMULATIVE,g5g.16xlarge,T4G,Mainstream Modern AI,trng_median,7819.891707039042,7092.725019385367,727.1666876536747,19.0,0.1,0.3,0.3,0.0,7819.891707039042
H_CUMULATIVE,g5g.16xlarge,T4G,Mainstream Modern AI,trng_median,7819.891707039042,7092.725019385367,727.1666876536747,20.0,0.1,0.3,0.3,0.0,7819.891707039042
U_mth,g5g.16xlarge,T4G,Mainstream Modern AI,trng_median,7819.891707039042,7092.725019385367,727.1666876536747,4.0,0.0,0.1,,,7819.891707039042
U_mth,g5g.16xlarge,T4G,Mainstream Modern AI,trng_median,7819.891707039042,7092.725019385367,727.1666876536747,4.0,0.01,0.1,,,13528.412653177542
U_mth,g5g.16xlarge,T4G,Mainstream Modern AI,trng_median,7819.891707039042,7092.725019385367,727.1666876536747,4.0,0.02,0.1,,,19236.933599316042
U_mth,g5g.16xlarge,T4G,Mainstream Modern AI,trng_median,7819.891707039042,7092.725019385367,727.1666876536747,4.0,0.03,0.1,,,24945.454545454544
U_mth,g5g.16xlarge,T4G,Mainstream Modern AI,trng_median,7819.891707039042,7092.725019385367,727.1666876536747,4.0,0.04,0.1,,,30653.975491593043
U_mth,g5g.16xlarge,T4G,Mainstream Modern AI,trng_median,7819.891707039042,7092.725019385367,727.1666876536747,4.0,0.05,0.1,,,36362.49643773155
U_mth,g5g.16xlarge,T4G,Mainstream Modern AI,trng_median,7819.891707039042,7092.725019385367,727.1666876536747,4.0,0.06,0.1,,,42071.01738387004
U_mth,g5g.16xlarge,T4G,Mainstream Modern AI,trng_median,7819.891707039042,7092.725019385367,727.1666876536747,4.0,0.07,0.1,,,47779.538330008545
U_mth,g5g.16xlarge,T4G,Mainstream Modern AI,trng_median,7819.891707039042,7092.725019385367,727.1666876536747,4.0,0.08,0.1,,,53488.05927614705
U_mth,g5g.16xlarge,T4G,Mainstream Modern AI,trng_median,7819.891707039042,7092.725019385367,727.1666876536747,4.0,0.09,0.1,,,59196.58022228554
U_mth,g5g.16xlarge,T4G,Mainstream Modern AI,trng_median,7819.891707039042,7092.725019385367,727.1666876536747,4.0,0.1,0.1,,,64905.10116842405
U_mth,g5g.16xlarge,T4G,Mainstream Modern AI,trng_median,7819.891707039042,7092.725019385367,727.1666876536747,4.0,0.11,0.1,,,70613.62211456255
U_mth,g5g.16xlarge,T4G,Mainstream Modern AI,trng_median,7819.891707039042,7092.725019385367,727.1666876536747,4.0,0.12,0.1,,,76322.14306070104
U_mth,g5g.16xlarge,T4G,Mainstream Modern AI,trng_median,7819.891707039042,7092.725019385367,727.1666876536747,4.0,0.13,0.1,,,82030.66400683955
U_mth,g5g.16xlarge,T4G,Mainstream Modern AI,trng_median,7819.891707039042,7092.725019385367,727.1666876536747,4.0,0.14,0.1,,,87739.18495297806
U_mth,g5g.16xlarge,T4G,Mainstream Modern AI,trng_median,7819.891707039042,7092.725019385367,727.1666876536747,4.0,0.15,0.1,,,93447.70589911654
U_mth,g5g.16xlarge,T4G,Mainstream Modern AI,trng_median,7819.891707039042,7092.725019385367,727.1666876536747,4.0,0.16,0.1,,,99156.22684525505
U_mth,g5g.16xlarge,T4G,Mainstream Modern AI,trng_median,7819.891707039042,7092.725019385367,727.1666876536747,4.0,0.17,0.1,,,104864.74779139354
U_mth,g5g.16xlarge,T4G,Mainstream Modern AI,trng_median,7819.891707039042,7092.725019385367,727.1666876536747,4.0,0.18,0.1,,,110573.26873753204
U_mth,g5g.16xlarge,T4G,Mainstream Modern AI,trng_median,7819.891707039042,7092.725019385367,727.1666876536747,4.0,0.19,0.1,,,116281.78968367056
U_mth,g5g.16xlarge,T4G,Mainstream Modern AI,trng_median,7819.891707039042,7092.725019385367,727.1666876536747,4.0,0.2,0.1,,,121990.31062980906
U_mth,g5g.16xlarge,T4G,Mainstream Modern AI,trng_median,7819.891707039042,7092.725019385367,727.1666876536747,4.0,0.21,0.1,,,127698.83157594754
U_mth,g5g.16xlarge,T4G,Mainstream Modern AI,trng_median,7819.891707039042,7092.725019385367,727.1666876536747,4.0,0.22,0.1,,,133407.35252208603
U_mth,g5g.16xlarge,T4G,Mainstream Modern AI,trng_median,7819.891707039042,7092.725019385367,727.1666876536747,4.0,0.23,0.1,,,139115.87346822454
U_mth,g5g.16xlarge,T4G,Mainstream Modern AI,trng_median,7819.891707039042,7092.725019385367,727.1666876536747,4.0,0.24,0.1,,,144824.39441436305
U_mth,g5g.16xlarge,T4G,Mainstream Modern AI,trng_median,7819.891707039042,7092.725019385367,727.1666876536747,4.0,0.25,0.1,,,150532.91536050156
U_mth,g5g.16xlarge,T4G,Mainstream Modern AI,trng_median,7819.891707039042,7092.725019385367,727.1666876536747,4.0,0.26,0.1,,,156241.43630664007
U_mth,g5g.16xlarge,T4G,Mainstream Modern AI,trng_median,7819.891707039042,7092.725019385367,727.1666876536747,4.0,0.27,0.1,,,161949.95725277855
U_mth,g5g.16xlarge,T4G,Mainstream Modern AI,trng_median,7819.891707039042,7092.725019385367,727.1666876536747,4.0,0.28,0.1,,,167658.47819891706
U_mth,g5g.16xlarge,T4G,Mainstream Modern AI,trng_median,7819.891707039042,7092.725019385367,727.1666876536747,4.0,0.29,0.1,,,173366.99914505554
U_mth,g5g.16xlarge,T4G,Mainstream Modern AI,trng_median,7819.891707039042,7092.725019385367,727.1666876536747,4.0,0.3,0.1,,,179075.52009119405
H_CUMULATIVE,p6-b200.48xlarge,B200,Emerging / Frontier AI,trng_median,10822.912510686803,10822.912510686803,0.0,0.0,0.1,0.0,0.0,0.0,10822.912510686803
H_CUMULATIVE,p6-b200.48xlarge,B200,Emerging / Frontier AI,trng_median,10822.912510686803,10822.912510686803,0.0,1.0,0.1,0.0,0.0,0.0,10822.912510686803
H_CUMULATIVE,p6-b200.48xlarge,B200,Emerging / Frontier AI,trng_median,10822.912510686803,10822.912510686803,0.0,2.0,0.1,0.0,0.0,0.0,10822.912510686803
H_CUMULATIVE,p6-b200.48xlarge,B200,Emerging / Frontier AI,trng_median,10822.912510686803,10822.912510686803,0.0,3.0,0.1,0.1,0.0,0.1,89830.17383870047
H_CUMULATIVE,p6-b200.48xlarge,B200,Emerging / Frontier AI,trng_median,10822.912510686803,10822.912510686803,0.0,4.0,0.1,0.1,0.1,0.0,10822.912510686803
H_CUMULATIVE,p6-b200.48xlarge,B200,Emerging / Frontier AI,trng_median,10822.912510686803,10822.912510686803,0.0,5.0,0.1,0.1,0.1,0.0,10822.912510686803
H_CUMULATIVE,p6-b200.48xlarge,B200,Emerging / Frontier AI,trng_median,10822.912510686803,10822.912510686803,0.0,6.0,0.1,0.1,0.1,0.0,10822.912510686803
H_CUMULATIVE,p6-b200.48xlarge,B200,Emerging / Frontier AI,trng_median,10822.912510686803,10822.912510686803,0.0,7.0,0.1,0.3,0.1,0.19999999999999998,168837.43516671416
H_CUMULATIVE,p6-b200.48xlarge,B200,Emerging / Frontier AI,trng_median,10822.912510686803,10822.912510686803,0.0,8.0,0.1,0.3,0.3,0.0,10822.912510686803
H_CUMULATIVE,p6-b200.48xlarge,B200,Emerging / Frontier AI,trng_median,10822.912510686803,10822.912510686803,0.0,9.0,0.1,0.3,0.3,0.0,10822.912510686803
H_CUMULATIVE,p6-b200.48xlarge,B200,Emerging / Frontier AI,trng_median,10822.912510686803,10822.912510686803,0.0,10.0,0.1,0.3,0.3,0.0,10822.912510686803
H_CUMULATIVE,p6-b200.48xlarge,B200,Emerging / Frontier AI,trng_median,10822.912510686803,10822.912510686803,0.0,11.0,0.1,0.3,0.3,0.0,10822.912510686803
H_CUMULATIVE,p6-b200.48xlarge,B200,Emerging / Frontier AI,trng_median,10822.912510686803,10822.912510686803,0.0,12.0,0.1,0.3,0.3,0.0,10822.912510686803
H_CUMULATIVE,p6-b200.48xlarge,B200,Emerging / Frontier AI,trng_median,10822.912510686803,10822.912510686803,0.0,13.0,0.1,0.3,0.3,0.0,10822.912510686803
H_CUMULATIVE,p6-b200.48xlarge,B200,Emerging / Frontier AI,trng_median,10822.912510686803,10822.912510686803,0.0,14.0,0.1,0.3,0.3,0.0,10822.912510686803
H_CUMULATIVE,p6-b200.48xlarge,B200,Emerging / Frontier AI,trng_median,10822.912510686803,10822.912510686803,0.0,15.0,0.1,0.3,0.3,0.0,10822.912510686803
H_CUMULATIVE,p6-b200.48xlarge,B200,Emerging / Frontier AI,trng_median,10822.912510686803,10822.912510686803,0.0,16.0,0.1,0.3,0.3,0.0,10822.912510686803
H_CUMULATIVE,p6-b200.48xlarge,B200,Emerging / Frontier AI,trng_median,10822.912510686803,10822.912510686803,0.0,17.0,0.1,0.3,0.3,0.0,10822.912510686803
H_CUMULATIVE,p6-b200.48xlarge,B200,Emerging / Frontier AI,trng_median,10822.912510686803,10822.912510686803,0.0,18.0,0.1,0.3,0.3,0.0,10822.912510686803
H_CUMULATIVE,p6-b200.48xlarge,B200,Emerging / Frontier AI,trng_median,10822.912510686803,10822.912510686803,0.0,19.0,0.1,0.3,0.3,0.0,10822.912510686803
H_CUMULATIVE,p6-b200.48xlarge,B200,Emerging / Frontier AI,trng_median,10822.912510686803,10822.912510686803,0.0,20.0,0.1,0.3,0.3,0.0,10822.912510686803
U_mth,p6-b200.48xlarge,B200,Emerging / Frontier AI,trng_median,10822.912510686803,10822.912510686803,0.0,4.0,0.0,0.1,,,10822.912510686803
U_mth,p6-b200.48xlarge,B200,Emerging / Frontier AI,trng_median,10822.912510686803,10822.912510686803,0.0,4.0,0.01,0.1,,,18723.638643488168
U_mth,p6-b200.48xlarge,B200,Emerging / Frontier AI,trng_median,10822.912510686803,10822.912510686803,0.0,4.0,0.02,0.1,,,26624.364776289534
U_mth,p6-b200.48xlarge,B200,Emerging / Frontier AI,trng_median,10822.912510686803,10822.912510686803,0.0,4.0,0.03,0.1,,,34525.090909090904
U_mth,p6-b200.48xlarge,B200,Emerging / Frontier AI,trng_median,10822.912510686803,10822.912510686803,0.0,4.0,0.04,0.1,,,42425.81704189227
U_mth,p6-b200.48xlarge,B200,Emerging / Frontier AI,trng_median,10822.912510686803,10822.912510686803,0.0,4.0,0.05,0.1,,,50326.54317469364
U_mth,p6-b200.48xlarge,B200,Emerging / Frontier AI,trng_median,10822.912510686803,10822.912510686803,0.0,4.0,0.06,0.1,,,58227.269307495
U_mth,p6-b200.48xlarge,B200,Emerging / Frontier AI,trng_median,10822.912510686803,10822.912510686803,0.0,4.0,0.07,0.1,,,66127.99544029638
U_mth,p6-b200.48xlarge,B200,Emerging / Frontier AI,trng_median,10822.912510686803,10822.912510686803,0.0,4.0,0.08,0.1,,,74028.72157309773
U_mth,p6-b200.48xlarge,B200,Emerging / Frontier AI,trng_median,10822.912510686803,10822.912510686803,0.0,4.0,0.09,0.1,,,81929.44770589909
U_mth,p6-b200.48xlarge,B200,Emerging / Frontier AI,trng_median,10822.912510686803,10822.912510686803,0.0,4.0,0.1,0.1,,,89830.17383870047
U_mth,p6-b200.48xlarge,B200,Emerging / Frontier AI,trng_median,10822.912510686803,10822.912510686803,0.0,4.0,0.11,0.1,,,97730.89997150183
U_mth,p6-b200.48xlarge,B200,Emerging / Frontier AI,trng_median,10822.912510686803,10822.912510686803,0.0,4.0,0.12,0.1,,,105631.6261043032
U_mth,p6-b200.48xlarge,B200,Emerging / Frontier AI,trng_median,10822.912510686803,10822.912510686803,0.0,4.0,0.13,0.1,,,113532.35223710457
U_mth,p6-b200.48xlarge,B200,Emerging / Frontier AI,trng_median,10822.912510686803,10822.912510686803,0.0,4.0,0.14,0.1,,,121433.07836990594
U_mth,p6-b200.48xlarge,B200,Emerging / Frontier AI,trng_median,10822.912510686803,10822.912510686803,0.0,4.0,0.15,0.1,,,129333.8045027073
U_mth,p6-b200.48xlarge,B200,Emerging / Frontier AI,trng_median,10822.912510686803,10822.912510686803,0.0,4.0,0.16,0.1,,,137234.53063550865
U_mth,p6-b200.48xlarge,B200,Emerging / Frontier AI,trng_median,10822.912510686803,10822.912510686803,0.0,4.0,0.17,0.1,,,145135.25676831004
U_mth,p6-b200.48xlarge,B200,Emerging / Frontier AI,trng_median,10822.912510686803,10822.912510686803,0.0,4.0,0.18,0.1,,,153035.9829011114
U_mth,p6-b200.48xlarge,B200,Emerging / Frontier AI,trng_median,10822.912510686803,10822.912510686803,0.0,4.0,0.19,0.1,,,160936.70903391278
U_mth,p6-b200.48xlarge,B200,Emerging / Frontier AI,trng_median,10822.912510686803,10822.912510686803,0.0,4.0,0.2,0.1,,,168837.43516671416
U_mth,p6-b200.48xlarge,B200,Emerging / Frontier AI,trng_median,10822.912510686803,10822.912510686803,0.0,4.0,0.21,0.1,,,176738.1612995155
U_mth,p6-b200.48xlarge,B200,Emerging / Frontier AI,trng_median,10822.912510686803,10822.912510686803,0.0,4.0,0.22,0.1,,,184638.88743231684
U_mth,p6-b200.48xlarge,B200,Emerging / Frontier AI,trng_median,10822.912510686803,10822.912510686803,0.0,4.0,0.23,0.1,,,192539.61356511823
U_mth,p6-b200.48xlarge,B200,Emerging / Frontier AI,trng_median,10822.912510686803,10822.912510686803,0.0,4.0,0.24,0.1,,,200440.33969791958
U_mth,p6-b200.48xlarge,B200,Emerging / Frontier AI,trng_median,10822.912510686803,10822.912510686803,0.0,4.0,0.25,0.1,,,208341.06583072097
U_mth,p6-b200.48xlarge,B200,Emerging / Frontier AI,trng_median,10822.912510686803,10822.912510686803,0.0,4.0,0.26,0.1,,,216241.79196352232
U_mth,p6-b200.48xlarge,B200,Emerging / Frontier AI,trng_median,10822.912510686803,10822.912510686803,0.0,4.0,0.27,0.1,,,224142.5180963237
U_mth,p6-b200.48xlarge,B200,Emerging / Frontier AI,trng_median,10822.912510686803,10822.912510686803,0.0,4.0,0.28,0.1,,,232043.24422912506
U_mth,p6-b200.48xlarge,B200,Emerging / Frontier AI,trng_median,10822.912510686803,10822.912510686803,0.0,4.0,0.29,0.1,,,239943.97036192642
U_mth,p6-b200.48xlarge,B200,Emerging / Frontier AI,trng_median,10822.912510686803,10822.912510686803,0.0,4.0,0.3,0.1,,,247844.69649472777
H_CUMULATIVE,p6-b300.48xlarge,B300,Emerging / Frontier AI,trng_median,12389.386689865156,12389.386689865156,0.0,0.0,0.1,0.0,0.0,0.0,12389.386689865156
H_CUMULATIVE,p6-b300.48xlarge,B300,Emerging / Frontier AI,trng_median,12389.386689865156,12389.386689865156,0.0,1.0,0.1,0.0,0.0,0.0,12389.386689865156
H_CUMULATIVE,p6-b300.48xlarge,B300,Emerging / Frontier AI,trng_median,12389.386689865156,12389.386689865156,0.0,2.0,0.1,0.0,0.0,0.0,12389.386689865156
H_CUMULATIVE,p6-b300.48xlarge,B300,Emerging / Frontier AI,trng_median,12389.386689865156,12389.386689865156,0.0,3.0,0.1,0.1,0.0,0.1,102831.90952588081
H_CUMULATIVE,p6-b300.48xlarge,B300,Emerging / Frontier AI,trng_median,12389.386689865156,12389.386689865156,0.0,4.0,0.1,0.1,0.1,0.0,12389.386689865156
H_CUMULATIVE,p6-b300.48xlarge,B300,Emerging / Frontier AI,trng_median,12389.386689865156,12389.386689865156,0.0,5.0,0.1,0.1,0.1,0.0,12389.386689865156
H_CUMULATIVE,p6-b300.48xlarge,B300,Emerging / Frontier AI,trng_median,12389.386689865156,12389.386689865156,0.0,6.0,0.1,0.1,0.1,0.0,12389.386689865156
H_CUMULATIVE,p6-b300.48xlarge,B300,Emerging / Frontier AI,trng_median,12389.386689865156,12389.386689865156,0.0,7.0,0.1,0.3,0.1,0.19999999999999998,193274.43236189644
H_CUMULATIVE,p6-b300.48xlarge,B300,Emerging / Frontier AI,trng_median,12389.386689865156,12389.386689865156,0.0,8.0,0.1,0.3,0.3,0.0,12389.386689865156
H_CUMULATIVE,p6-b300.48xlarge,B300,Emerging / Frontier AI,trng_median,12389.386689865156,12389.386689865156,0.0,9.0,0.1,0.3,0.3,0.0,12389.386689865156
H_CUMULATIVE,p6-b300.48xlarge,B300,Emerging / Frontier AI,trng_median,12389.386689865156,12389.386689865156,0.0,10.0,0.1,0.3,0.3,0.0,12389.386689865156
H_CUMULATIVE,p6-b300.48xlarge,B300,Emerging / Frontier AI,trng_median,12389.386689865156,12389.386689865156,0.0,11.0,0.1,0.3,0.3,0.0,12389.386689865156
H_CUMULATIVE,p6-b300.48xlarge,B300,Emerging / Frontier AI,trng_median,12389.386689865156,12389.386689865156,0.0,12.0,0.1,0.3,0.3,0.0,12389.386689865156
H_CUMULATIVE,p6-b300.48xlarge,B300,Emerging / Frontier AI,trng_median,12389.386689865156,12389.386689865156,0.0,13.0,0.1,0.3,0.3,0.0,12389.386689865156
H_CUMULATIVE,p6-b300.48xlarge,B300,Emerging / Frontier AI,trng_median,12389.386689865156,12389.386689865156,0.0,14.0,0.1,0.3,0.3,0.0,12389.386689865156
H_CUMULATIVE,p6-b300.48xlarge,B300,Emerging / Frontier AI,trng_median,12389.386689865156,12389.386689865156,0.0,15.0,0.1,0.3,0.3,0.0,12389.386689865156
H_CUMULATIVE,p6-b300.48xlarge,B300,Emerging / Frontier AI,trng_median,12389.386689865156,12389.386689865156,0.0,16.0,0.1,0.3,0.3,0.0,12389.386689865156
H_CUMULATIVE,p6-b300.48xlarge,B300,Emerging / Frontier AI,trng_median,12389.386689865156,12389.386689865156,0.0,17.0,0.1,0.3,0.3,0.0,12389.386689865156
H_CUMULATIVE,p6-b300.48xlarge,B300,Emerging / Frontier AI,trng_median,12389.386689865156,12389.386689865156,0.0,18.0,0.1,0.3,0.3,0.0,12389.386689865156
H_CUMULATIVE,p6-b300.48xlarge,B300,Emerging / Frontier AI,trng_median,12389.386689865156,12389.386689865156,0.0,19.0,0.1,0.3,0.3,0.0,12389.386689865156
H_CUMULATIVE,p6-b300.48xlarge,B300,Emerging / Frontier AI,trng_median,12389.386689865156,12389.386689865156,0.0,20.0,0.1,0.3,0.3,0.0,12389.386689865156
U_mth,p6-b300.48xlarge,B300,Emerging / Frontier AI,trng_median,12389.386689865156,12389.386689865156,0.0,4.0,0.0,0.1,,,12389.386689865156
U_mth,p6-b300.48xlarge,B300,Emerging / Frontier AI,trng_median,12389.386689865156,12389.386689865156,0.0,4.0,0.01,0.1,,,21433.63897346672
U_mth,p6-b300.48xlarge,B300,Emerging / Frontier AI,trng_median,12389.386689865156,12389.386689865156,0.0,4.0,0.02,0.1,,,30477.891257068284
U_mth,p6-b300.48xlarge,B300,Emerging / Frontier AI,trng_median,12389.386689865156,12389.386689865156,0.0,4.0,0.03,0.1,,,39522.143540669844
U_mth,p6-b300.48xlarge,B300,Emerging / Frontier AI,trng_median,12389.386689865156,12389.386689865156,0.0,4.0,0.04,0.1,,,48566.39582427141
U_mth,p6-b300.48xlarge,B300,Emerging / Frontier AI,trng_median,12389.386689865156,12389.386689865156,0.0,4.0,0.05,0.1,,,57610.64810787298
U_mth,p6-b300.48xlarge,B300,Emerging / Frontier AI,trng_median,12389.386689865156,12389.386689865156,0.0,4.0,0.06,0.1,,,66654.90039147454
U_mth,p6-b300.48xlarge,B300,Emerging / Frontier AI,trng_median,12389.386689865156,12389.386689865156,0.0,4.0,0.07,0.1,,,75699.15267507611
U_mth,p6-b300.48xlarge,B300,Emerging / Frontier AI,trng_median,12389.386689865156,12389.386689865156,0.0,4.0,0.08,0.1,,,84743.40495867767
U_mth,p6-b300.48xlarge,B300,Emerging / Frontier AI,trng_median,12389.386689865156,12389.386689865156,0.0,4.0,0.09,0.1,,,93787.65724227922
U_mth,p6-b300.48xlarge,B300,Emerging / Frontier AI,trng_median,12389.386689865156,12389.386689865156,0.0,4.0,0.1,0.1,,,102831.90952588081
U_mth,p6-b300.48xlarge,B300,Emerging / Frontier AI,trng_median,12389.386689865156,12389.386689865156,0.0,4.0,0.11,0.1,,,111876.16180948235
U_mth,p6-b300.48xlarge,B300,Emerging / Frontier AI,trng_median,12389.386689865156,12389.386689865156,0.0,4.0,0.12,0.1,,,120920.41409308392
U_mth,p6-b300.48xlarge,B300,Emerging / Frontier AI,trng_median,12389.386689865156,12389.386689865156,0.0,4.0,0.13,0.1,,,129964.66637668549
U_mth,p6-b300.48xlarge,B300,Emerging / Frontier AI,trng_median,12389.386689865156,12389.386689865156,0.0,4.0,0.14,0.1,,,139008.91866028705
U_mth,p6-b300.48xlarge,B300,Emerging / Frontier AI,trng_median,12389.386689865156,12389.386689865156,0.0,4.0,0.15,0.1,,,148053.1709438886
U_mth,p6-b300.48xlarge,B300,Emerging / Frontier AI,trng_median,12389.386689865156,12389.386689865156,0.0,4.0,0.16,0.1,,,157097.42322749016
U_mth,p6-b300.48xlarge,B300,Emerging / Frontier AI,trng_median,12389.386689865156,12389.386689865156,0.0,4.0,0.17,0.1,,,166141.67551109174
U_mth,p6-b300.48xlarge,B300,Emerging / Frontier AI,trng_median,12389.386689865156,12389.386689865156,0.0,4.0,0.18,0.1,,,175185.9277946933
U_mth,p6-b300.48xlarge,B300,Emerging / Frontier AI,trng_median,12389.386689865156,12389.386689865156,0.0,4.0,0.19,0.1,,,184230.18007829488
U_mth,p6-b300.48xlarge,B300,Emerging / Frontier AI,trng_median,12389.386689865156,12389.386689865156,0.0,4.0,0.2,0.1,,,193274.43236189644
U_mth,p6-b300.48xlarge,B300,Emerging / Frontier AI,trng_median,12389.386689865156,12389.386689865156,0.0,4.0,0.21,0.1,,,202318.68464549797
U_mth,p6-b300.48xlarge,B300,Emerging / Frontier AI,trng_median,12389.386689865156,12389.386689865156,0.0,4.0,0.22,0.1,,,211362.93692909955
U_mth,p6-b300.48xlarge,B300,Emerging / Frontier AI,trng_median,12389.386689865156,12389.386689865156,0.0,4.0,0.23,0.1,,,220407.1892127011
U_mth,p6-b300.48xlarge,B300,Emerging / Frontier AI,trng_median,12389.386689865156,12389.386689865156,0.0,4.0,0.24,0.1,,,229451.4414963027
U_mth,p6-b300.48xlarge,B300,Emerging / Frontier AI,trng_median,12389.386689865156,12389.386689865156,0.0,4.0,0.25,0.1,,,238495.69377990425
U_mth,p6-b300.48xlarge,B300,Emerging / Frontier AI,trng_median,12389.386689865156,12389.386689865156,0.0,4.0,0.26,0.1,,,247539.9460635058
U_mth,p6-b300.48xlarge,B300,Emerging / Frontier AI,trng_median,12389.386689865156,12389.386689865156,0.0,4.0,0.27,0.1,,,256584.1983471074
U_mth,p6-b300.48xlarge,B300,Emerging / Frontier AI,trng_median,12389.386689865156,12389.386689865156,0.0,4.0,0.28,0.1,,,265628.45063070895
U_mth,p6-b300.48xlarge,B300,Emerging / Frontier AI,trng_median,12389.386689865156,12389.386689865156,0.0,4.0,0.29,0.1,,,274672.7029143105
U_mth,p6-b300.48xlarge,B300,Emerging / Frontier AI,trng_median,12389.386689865156,12389.386689865156,0.0,4.0,0.3,0.1,,,283716.95519791206
H_CUMULATIVE,p5en.48xlarge,H200,Emerging / Frontier AI,trng_median,8416.853387232966,8416.853387232966,0.0,0.0,0.1,0.0,0.0,0.0,8416.853387232966
H_CUMULATIVE,p5en.48xlarge,H200,Emerging / Frontier AI,trng_median,8416.853387232966,8416.853387232966,0.0,1.0,0.1,0.0,0.0,0.0,8416.853387232966
H_CUMULATIVE,p5en.48xlarge,H200,Emerging / Frontier AI,trng_median,8416.853387232966,8416.853387232966,0.0,2.0,0.1,0.0,0.0,0.0,8416.853387232966
H_CUMULATIVE,p5en.48xlarge,H200,Emerging / Frontier AI,trng_median,8416.853387232966,8416.853387232966,0.0,3.0,0.1,0.1,0.0,0.1,69859.88311403363
H_CUMULATIVE,p5en.48xlarge,H200,Emerging / Frontier AI,trng_median,8416.853387232966,8416.853387232966,0.0,4.0,0.1,0.1,0.1,0.0,8416.853387232966
H_CUMULATIVE,p5en.48xlarge,H200,Emerging / Frontier AI,trng_median,8416.853387232966,8416.853387232966,0.0,5.0,0.1,0.1,0.1,0.0,8416.853387232966
H_CUMULATIVE,p5en.48xlarge,H200,Emerging / Frontier AI,trng_median,8416.853387232966,8416.853387232966,0.0,6.0,0.1,0.1,0.1,0.0,8416.853387232966
H_CUMULATIVE,p5en.48xlarge,H200,Emerging / Frontier AI,trng_median,8416.853387232966,8416.853387232966,0.0,7.0,0.1,0.3,0.1,0.19999999999999998,131302.9128408343
H_CUMULATIVE,p5en.48xlarge,H200,Emerging / Frontier AI,trng_median,8416.853387232966,8416.853387232966,0.0,8.0,0.1,0.3,0.3,0.0,8416.853387232966
H_CUMULATIVE,p5en.48xlarge,H200,Emerging / Frontier AI,trng_median,8416.853387232966,8416.853387232966,0.0,9.0,0.1,0.3,0.3,0.0,8416.853387232966
H_CUMULATIVE,p5en.48xlarge,H200,Emerging / Frontier AI,trng_median,8416.853387232966,8416.853387232966,0.0,10.0,0.1,0.3,0.3,0.0,8416.853387232966
H_CUMULATIVE,p5en.48xlarge,H200,Emerging / Frontier AI,trng_median,8416.853387232966,8416.853387232966,0.0,11.0,0.1,0.3,0.3,0.0,8416.853387232966
H_CUMULATIVE,p5en.48xlarge,H200,Emerging / Frontier AI,trng_median,8416.853387232966,8416.853387232966,0.0,12.0,0.1,0.3,0.3,0.0,8416.853387232966
H_CUMULATIVE,p5en.48xlarge,H200,Emerging / Frontier AI,trng_median,8416.853387232966,8416.853387232966,0.0,13.0,0.1,0.3,0.3,0.0,8416.853387232966
H_CUMULATIVE,p5en.48xlarge,H200,Emerging / Frontier AI,trng_median,8416.853387232966,8416.853387232966,0.0,14.0,0.1,0.3,0.3,0.0,8416.853387232966
H_CUMULATIVE,p5en.48xlarge,H200,Emerging / Frontier AI,trng_median,8416.853387232966,8416.853387232966,0.0,15.0,0.1,0.3,0.3,0.0,8416.853387232966
H_CUMULATIVE,p5en.48xlarge,H200,Emerging / Frontier AI,trng_median,8416.853387232966,8416.853387232966,0.0,16.0,0.1,0.3,0.3,0.0,8416.853387232966
H_CUMULATIVE,p5en.48xlarge,H200,Emerging / Frontier AI,trng_median,8416.853387232966,8416.853387232966,0.0,17.0,0.1,0.3,0.3,0.0,8416.853387232966
H_CUMULATIVE,p5en.48xlarge,H200,Emerging / Frontier AI,trng_median,8416.853387232966,8416.853387232966,0.0,18.0,0.1,0.3,0.3,0.0,8416.853387232966
H_CUMULATIVE,p5en.48xlarge,H200,Emerging / Frontier AI,trng_median,8416.853387232966,8416.853387232966,0.0,19.0,0.1,0.3,0.3,0.0,8416.853387232966
H_CUMULATIVE,p5en.48xlarge,H200,Emerging / Frontier AI,trng_median,8416.853387232966,8416.853387232966,0.0,20.0,0.1,0.3,0.3,0.0,8416.853387232966
U_mth,p5en.48xlarge,H200,Emerging / Frontier AI,trng_median,8416.853387232966,8416.853387232966,0.0,4.0,0.0,0.1,,,8416.853387232966
U_mth,p5en.48xlarge,H200,Emerging / Frontier AI,trng_median,8416.853387232966,8416.853387232966,0.0,4.0,0.01,0.1,,,14561.156359913031
U_mth,p5en.48xlarge,H200,Emerging / Frontier AI,trng_median,8416.853387232966,8416.853387232966,0.0,4.0,0.02,0.1,,,20705.4593325931
U_mth,p5en.48xlarge,H200,Emerging / Frontier AI,trng_median,8416.853387232966,8416.853387232966,0.0,4.0,0.03,0.1,,,26849.76230527316
U_mth,p5en.48xlarge,H200,Emerging / Frontier AI,trng_median,8416.853387232966,8416.853387232966,0.0,4.0,0.04,0.1,,,32994.065277953225
U_mth,p5en.48xlarge,H200,Emerging / Frontier AI,trng_median,8416.853387232966,8416.853387232966,0.0,4.0,0.05,0.1,,,39138.3682506333
U_mth,p5en.48xlarge,H200,Emerging / Frontier AI,trng_median,8416.853387232966,8416.853387232966,0.0,4.0,0.06,0.1,,,45282.67122331336
U_mth,p5en.48xlarge,H200,Emerging / Frontier AI,trng_median,8416.853387232966,8416.853387232966,0.0,4.0,0.07,0.1,,,51426.974195993425
U_mth,p5en.48xlarge,H200,Emerging / Frontier AI,trng_median,8416.853387232966,8416.853387232966,0.0,4.0,0.08,0.1,,,57571.277168673485
U_mth,p5en.48xlarge,H200,Emerging / Frontier AI,trng_median,8416.853387232966,8416.853387232966,0.0,4.0,0.09,0.1,,,63715.58014135355
U_mth,p5en.48xlarge,H200,Emerging / Frontier AI,trng_median,8416.853387232966,8416.853387232966,0.0,4.0,0.1,0.1,,,69859.88311403363
U_mth,p5en.48xlarge,H200,Emerging / Frontier AI,trng_median,8416.853387232966,8416.853387232966,0.0,4.0,0.11,0.1,,,76004.18608671369
U_mth,p5en.48xlarge,H200,Emerging / Frontier AI,trng_median,8416.853387232966,8416.853387232966,0.0,4.0,0.12,0.1,,,82148.48905939375
U_mth,p5en.48xlarge,H200,Emerging / Frontier AI,trng_median,8416.853387232966,8416.853387232966,0.0,4.0,0.13,0.1,,,88292.79203207382
U_mth,p5en.48xlarge,H200,Emerging / Frontier AI,trng_median,8416.853387232966,8416.853387232966,0.0,4.0,0.14,0.1,,,94437.0950047539
U_mth,p5en.48xlarge,H200,Emerging / Frontier AI,trng_median,8416.853387232966,8416.853387232966,0.0,4.0,0.15,0.1,,,100581.39797743394
U_mth,p5en.48xlarge,H200,Emerging / Frontier AI,trng_median,8416.853387232966,8416.853387232966,0.0,4.0,0.16,0.1,,,106725.70095011401
U_mth,p5en.48xlarge,H200,Emerging / Frontier AI,trng_median,8416.853387232966,8416.853387232966,0.0,4.0,0.17,0.1,,,112870.00392279407
U_mth,p5en.48xlarge,H200,Emerging / Frontier AI,trng_median,8416.853387232966,8416.853387232966,0.0,4.0,0.18,0.1,,,119014.30689547413
U_mth,p5en.48xlarge,H200,Emerging / Frontier AI,trng_median,8416.853387232966,8416.853387232966,0.0,4.0,0.19,0.1,,,125158.60986815422
U_mth,p5en.48xlarge,H200,Emerging / Frontier AI,trng_median,8416.853387232966,8416.853387232966,0.0,4.0,0.2,0.1,,,131302.9128408343
U_mth,p5en.48xlarge,H200,Emerging / Frontier AI,trng_median,8416.853387232966,8416.853387232966,0.0,4.0,0.21,0.1,,,137447.2158135143
U_mth,p5en.48xlarge,H200,Emerging / Frontier AI,trng_median,8416.853387232966,8416.853387232966,0.0,4.0,0.22,0.1,,,143591.51878619439
U_mth,p5en.48xlarge,H200,Emerging / Frontier AI,trng_median,8416.853387232966,8416.853387232966,0.0,4.0,0.23,0.1,,,149735.82175887446
U_mth,p5en.48xlarge,H200,Emerging / Frontier AI,trng_median,8416.853387232966,8416.853387232966,0.0,4.0,0.24,0.1,,,155880.12473155453
U_mth,p5en.48xlarge,H200,Emerging / Frontier AI,trng_median,8416.853387232966,8416.853387232966,0.0,4.0,0.25,0.1,,,162024.4277042346
U_mth,p5en.48xlarge,H200,Emerging / Frontier AI,trng_median,8416.853387232966,8416.853387232966,0.0,4.0,0.26,0.1,,,168168.73067691468
U_mth,p5en.48xlarge,H200,Emerging / Frontier AI,trng_median,8416.853387232966,8416.853387232966,0.0,4.0,0.27,0.1,,,174313.03364959473
U_mth,p5en.48xlarge,H200,Emerging / Frontier AI,trng_median,8416.853387232966,8416.853387232966,0.0,4.0,0.28,0.1,,,180457.3366222748
U_mth,p5en.48xlarge,H200,Emerging / Frontier AI,trng_median,8416.853387232966,8416.853387232966,0.0,4.0,0.29,0.1,,,186601.63959495485
U_mth,p5en.48xlarge,H200,Emerging / Frontier AI,trng_median,8416.853387232966,8416.853387232966,0.0,4.0,0.3,0.1,,,192745.94256763492
