gpu_model_clean,voll_usd_per_mwh_trng_median,voll_usd_per_mwh_inf_median,voll_spot_usd_per_mwh_trng_median,voll_spot_usd_per_mwh_inf_median,instance_type,gpu_vintage_group
QA100,9394.911683681736,11482.66983561101,8165.613352779126,9980.194097841157,dl2q.24xlarge,Mainstream Modern AI
K520,1901.5578146712496,2324.126217931528,,,g2.2xlarge,Legacy / Older Vintage
K520,1901.5578146712496,2324.126217931528,,,g2.8xlarge,Legacy / Older Vintage
M60,2585.16428139488,3159.645232815964,,,g3.16xlarge,Legacy / Older Vintage
M60,2585.16428139488,3159.645232815964,,,g3.4xlarge,Legacy / Older Vintage
M60,2585.16428139488,3159.645232815964,,,g3.8xlarge,Legacy / Older Vintage
M60,1960.812793214135,2396.548969483943,,,g3s.xlarge,Legacy / Older Vintage
V520,2637.529787557673,3223.647518126045,1699.8681742128476,2077.616657371258,g4ad.16xlarge,Legacy / Older Vintage
V520,1801.0982306284316,2201.342281879194,920.8497420822008,1125.4830181004677,g4ad.2xlarge,Legacy / Older Vintage
V520,2637.529787557673,3223.647518126045,1106.7281853673371,1352.6677821156347,g4ad.4xlarge,Legacy / Older Vintage
V520,2637.529787557673,3223.647518126045,1031.7395933681487,1261.0150585610706,g4ad.8xlarge,Legacy / Older Vintage
V520,1321.732045163543,1615.4502774221082,400.18624141543467,489.1165172855313,g4ad.xlarge,Legacy / Older Vintage
T4,6598.0772474278965,8064.316635745205,2169.3371563501432,2651.412079983508,g4dn.12xlarge,Transitional / Early AI
T4,10276.269185360092,12559.884559884558,2842.0306965761506,3473.593073593073,g4dn.16xlarge,Transitional / Early AI
T4,5918.929555293191,7234.247234247233,2256.591892955529,2758.0567580567576,g4dn.2xlarge,Transitional / Early AI
T4,7107.438016528924,8686.868686868684,2533.648170011806,3096.6810966810963,g4dn.4xlarge,Transitional / Early AI
T4,8563.557654466744,10466.570466570463,2563.5576544667447,3133.2371332371326,g4dn.8xlarge,Transitional / Early AI
T4,6598.0772474278965,8064.316635745205,2630.882104908079,3215.5225726654294,g4dn.metal,Transitional / Early AI
T4,4968.122786304603,6072.150072150072,2074.1440377804006,2535.0649350649346,g4dn.xlarge,Transitional / Early AI
A10G,6334.599061871788,7742.287742287741,2468.394013848559,3016.9260169260165,g5.12xlarge,Mainstream Modern AI
A10G,10054.823664184598,12289.228922892287,3523.115947958432,4306.030603060305,g5.16xlarge,Mainstream Modern AI
A10G,7648.384673178061,9348.025711662074,4362.509391435011,5331.955922865013,g5.24xlarge,Mainstream Modern AI
A10G,5778.766687857596,7062.9370629370615,2284.329307056579,2791.9580419580416,g5.2xlarge,Mainstream Modern AI
A10G,7648.384673178061,9348.025711662074,3879.742674680691,4741.907713498622,g5.48xlarge,Mainstream Modern AI
A10G,6824.485222019891,8341.037493579865,3075.220619134332,3758.602978941961,g5.4xlarge,Mainstream Modern AI
A10G,8314.276010415486,10161.892901618929,4096.6828936941,5007.056870070568,g5.8xlarge,Mainstream Modern AI
A10G,5142.7110846042415,6285.535770071851,2477.294027434608,3027.803811308965,g5.xlarge,Mainstream Modern AI
T4G,7819.891707039042,9557.645419714385,1699.0595611285262,2076.628352490421,g5g.16xlarge,Mainstream Modern AI
T4G,5177.511349086253,6328.069426660975,2193.923873821441,2681.462512448428,g5g.2xlarge,Mainstream Modern AI
T4G,6365.558331731692,7780.126849894291,1847.3957332308285,2257.9281183932344,g5g.4xlarge,Mainstream Modern AI
T4G,7819.891707039042,9557.645419714385,3190.0826446280985,3898.9898989898975,g5g.8xlarge,Mainstream Modern AI
T4G,7819.891707039042,9557.645419714385,1871.4733542319743,2287.35632183908,g5g.metal,Mainstream Modern AI
T4G,4373.007093121623,5344.786447148651,1300.4490141211686,1589.4376839258723,g5g.xlarge,Mainstream Modern AI
L4,8885.45609021395,10860.00188803927,4318.374913107284,5278.013782686679,g6.12xlarge,Mainstream Modern AI
L4,10852.85848172446,13264.60481099656,4002.08741586436,4891.440174945328,g6.16xlarge,Mainstream Modern AI
L4,9712.489814922592,11870.820884905392,5022.407170294493,6138.497652582159,g6.24xlarge,Mainstream Modern AI
L4,8474.830954169796,10358.126721763085,4899.728370802751,5988.556897647807,g6.2xlarge,Mainstream Modern AI
L4,9712.489814922592,11870.820884905392,4902.878011872889,5992.406458955754,g6.48xlarge,Mainstream Modern AI
L4,9215.340328721326,11263.193735103849,4659.903426501995,5695.437521280218,g6.4xlarge,Mainstream Modern AI
L4,10069.3148493735,12306.9403714565,5766.962143428417,7048.509286412512,g6.8xlarge,Mainstream Modern AI
L4,7949.688847914125,9716.286369672824,3793.0920944321874,4636.001448750452,g6.xlarge,Mainstream Modern AI
L40S,5630.889771385638,6882.198609471335,2469.249758505957,3017.971927062836,g6e.12xlarge,Mainstream Modern AI
L40S,11668.600174529029,14261.622435535475,2884.5028489297256,3525.503482025221,g6e.16xlarge,Mainstream Modern AI
L40S,7411.255411255412,9058.201058201055,2003.246753246753,2448.412698412698,g6e.24xlarge,Mainstream Modern AI
L40S,4963.326446280992,6066.287878787878,2189.3447461629275,2675.8658008658003,g6e.2xlarge,Mainstream Modern AI
L40S,7411.255411255412,9058.201058201055,2337.9574970484064,2857.503607503607,g6e.48xlarge,Mainstream Modern AI
L40S,6259.184665601777,7650.114591291061,2604.972567539412,3183.855360325948,g6e.4xlarge,Mainstream Modern AI
L40S,8442.055552103398,10318.067897015264,2654.197477163984,3244.01913875598,g6e.8xlarge,Mainstream Modern AI
L40S,4252.580264310469,5197.598100823907,2030.544235822828,2481.7762882279007,g6e.xlarge,Mainstream Modern AI
L4,9497.46734204212,11608.015640273705,4114.902692615302,5029.325513196481,g6f.2xlarge,Mainstream Modern AI
L4,9497.46734204212,11608.015640273705,4473.806984804051,5467.986314760508,g6f.4xlarge,Mainstream Modern AI
L4,11254.526882718912,13755.532856656451,3147.92459838425,3847.463398025196,g6f.large,Mainstream Modern AI
L4,9497.46734204212,11608.015640273705,3782.99120234604,4623.655913978495,g6f.xlarge,Mainstream Modern AI
GB202,4980.375657400449,6087.125803489438,1648.204357625845,2014.4719926538105,g7e.12xlarge,Mainstream Modern AI
GB202,4980.375657400449,6087.125803489438,1570.578512396694,1919.5959595959591,g7e.24xlarge,Mainstream Modern AI
GB202,4417.6235564555855,5399.317680112381,1358.349296699688,1660.204695966285,g7e.2xlarge,Mainstream Modern AI
GB202,4980.360631104432,6087.107438016528,1763.9669421487602,2155.9595959595954,g7e.48xlarge,Mainstream Modern AI
GB202,5019.186107333402,6134.5607978519365,1488.6075949367084,1819.4092827004213,g7e.4xlarge,Mainstream Modern AI
GB202,6075.187391889294,7425.229034531359,1694.7145877378434,2071.317829457364,g7e.8xlarge,Mainstream Modern AI
L4,10719.658278391677,13101.804562478716,4872.31869254341,5955.056179775281,gr6.4xlarge,Mainstream Modern AI
L4,12228.739002932549,14946.236559139785,6628.732338043187,8101.783968719453,gr6.8xlarge,Mainstream Modern AI
L4,10657.158091175685,13025.415444770284,4374.833377765928,5347.018572825024,gr6f.4xlarge,Mainstream Modern AI
K80,4477.7357030321455,5472.788081483734,,,p2.16xlarge,Legacy / Older Vintage
K80,4477.7357030321455,5472.788081483734,,,p2.8xlarge,Legacy / Older Vintage
K80,2352.975351856962,2875.8587633807315,,,p2.xlarge,Legacy / Older Vintage
V100,7612.150695154647,9303.739738522348,1358.0910196522843,1659.8890240194585,p3.16xlarge,Transitional / Early AI
V100,7612.150695154647,9303.739738522348,847.2871002515271,1035.5731225296445,p3.2xlarge,Transitional / Early AI
V100,7612.150695154647,9303.739738522348,1090.2664529146743,1332.547886895713,p3.8xlarge,Transitional / Early AI
V100,8956.611570247933,10946.969696969694,2117.510330578512,2588.068181818181,p3dn.24xlarge,Transitional / Early AI
A100,4931.189363995688,6027.009222661395,2394.3810636004314,2926.4657444005265,p4d.24xlarge,Mainstream Modern AI
A100,6164.009162773985,7533.788976723758,3369.003772906935,4117.671277997364,p4de.24xlarge,Mainstream Modern AI
H100,7384.351186004077,9025.318116227205,3986.8922399914127,4872.868293322837,p5.48xlarge,Mainstream Modern AI
H100,7615.112160566705,9307.359307359306,4244.539551357732,5187.770562770562,p5.4xlarge,Mainstream Modern AI
H200,8416.853387232966,10287.265251062514,2454.259555992898,2999.650568435765,p5en.48xlarge,Emerging / Frontier AI
B200,10822.912510686803,13228.004179728314,2865.9162154459955,3502.7864855451053,p6-b200.48xlarge,Emerging / Frontier AI
B300,12389.386689865156,15142.583732057416,2290.648107872988,2799.681020733652,p6-b300.48xlarge,Emerging / Frontier AI
