date,voll_mean,voll_min,voll_max,obs_count,location
2025-07-24,1322.802740044119,1322.802740044119,1322.802740044119,1,us-east-1
2025-07-25,1326.4890282131657,1323.8708928364097,1329.1071635899218,2,us-east-1
2025-07-26,1372.1612678509227,1339.7074190177634,1409.25345408104,4,us-east-1
2025-07-27,1460.844072913038,1431.3363520260066,1499.477533960292,4,us-east-1
2025-07-28,1547.6808313015204,1522.7214675490532,1568.6055961918028,4,us-east-1
2025-07-29,1595.3326367119464,1577.441077441077,1622.57053291536,3,us-east-1
2025-07-30,1676.2142497774676,1655.555555555555,1705.9096714269122,3,us-east-1
2025-07-31,1756.1244630210142,1724.7300592128174,1781.9342853825606,3,us-east-1
2025-08-01,1820.7389991872747,1786.0675722744684,1868.1411819342848,4,us-east-1
2025-08-02,1928.0196602035678,1896.3543480784856,1964.0775571810047,3,us-east-1
2025-08-03,2021.2643678160912,1968.698479043306,2055.334958783234,4,us-east-1
2025-08-04,2157.417856728201,2099.477533960292,2231.104144897248,5,us-east-1
2025-08-05,2297.2328650489562,2252.072448624172,2341.6463485429,3,us-east-1
2025-08-06,2427.835829559967,2370.962498548705,2463.9730639730633,4,us-east-1
2025-08-07,2543.2834088006493,2507.3609659816548,2597.2599558806446,4,us-east-1
2025-08-08,2653.2644452184672,2651.5499825844645,2655.706490189248,3,us-east-1
2025-08-09,2700.371531406013,2668.477882270985,2724.0450481829785,3,us-east-1
2025-08-10,2887.825380239173,2768.547544409613,2996.4588412864264,5,us-east-1
2025-08-11,3085.870196215023,3040.775571810054,3146.569139672587,5,us-east-1
2025-08-12,3298.029141994658,3218.936491350283,3379.96052478811,4,us-east-1
2025-08-13,3448.876698014628,3426.192964123997,3466.7711598746073,4,us-east-1
2025-08-14,3498.1858818065703,3477.1740392430033,3523.3135957273876,4,us-east-1
2025-08-15,3553.625333797747,3512.423081388598,3591.6173226518044,4,us-east-1
2025-08-16,3598.0773249738754,3587.18216649251,3604.22616974341,5,us-east-1
2025-08-17,3609.4305120167182,3590.8278184140245,3635.1097178683376,4,us-east-1
2025-08-18,3665.311157552536,3643.10925345408,3680.0417972831756,4,us-east-1
2025-08-19,3749.860675722744,3688.7727853245083,3812.4114710321596,6,us-east-1
2025-08-20,3862.0147838538633,3835.701846046673,3881.4466504121665,3,us-east-1
2025-08-21,3902.639421030224,3873.1104144897236,3927.9345175896888,3,us-east-1
2025-08-22,3990.6391501219077,3952.850342505514,4034.738186462323,4,us-east-1
2025-08-23,4073.5225821432705,4057.8892371995807,4096.4240102171125,4,us-east-1
2025-08-24,4109.5379078137685,4096.110530593288,4119.807268083128,4,us-east-1
2025-08-25,4125.429583188203,4097.770811563913,4147.544409613374,4,us-east-1
2025-08-26,4143.884825264135,4119.702774875187,4177.02310460931,5,us-east-1
2025-08-27,4200.78660164867,4182.282596075698,4223.5225821432705,4,us-east-1
2025-08-28,4227.377220480667,4198.165563682804,4256.937187971669,3,us-east-1
2025-08-29,4284.654011378148,4269.917566469289,4296.238244514106,4,us-east-1
2025-08-30,4321.055381400207,4302.902589109484,4338.523162661092,4,us-east-1
2025-08-31,4300.433453307015,4283.153372808544,4320.933472657609,3,us-east-1
2025-09-01,4326.2597236735155,4305.607802159525,4354.5802856147675,4,us-east-1
2025-09-02,4348.279732187777,4328.782073609658,4358.481365377916,3,us-east-1
2025-09-03,4328.424474631369,4310.9369557645405,4339.626146522697,5,us-east-1
2025-09-04,4303.340880065017,4287.2750493440135,4315.464994775339,4,us-east-1
2025-09-05,4334.714965749447,4327.713920817368,4345.048182979216,3,us-east-1
2025-09-06,4373.625914315568,4344.6766515732015,4401.532567049808,5,us-east-1
2025-09-07,4395.826076860558,4354.603506327643,4424.09148960873,4,us-east-1
2025-09-08,4322.953674677811,4287.867177522348,4356.495994427028,4,us-east-1
2025-09-09,4243.140214404581,4237.547892720305,4253.581794961104,3,us-east-1
2025-09-10,4237.900073532256,4233.867409729477,4243.271798444211,3,us-east-1
2025-09-11,4281.525600835945,4260.571229536746,4309.41599907117,5,us-east-1
2025-09-12,4308.899338209681,4295.634505979332,4319.0642052711,4,us-east-1
2025-09-13,4256.995239753859,4229.5251364216865,4277.441077441076,4,us-east-1
2025-09-14,4276.904098455821,4259.259259259258,4292.267502612329,4,us-east-1
2025-09-15,4193.581131512165,4127.400441193544,4263.58992221061,7,us-east-1
2025-09-16,4078.6330740353715,4040.9032857308703,4138.128410542203,3,us-east-1
2025-09-17,3987.9445798986017,3974.1901776384525,4002.5774991292224,3,us-east-1
2025-09-18,3914.6058283989305,3841.1819342853814,3991.907581562753,4,us-east-1
2025-09-19,3848.6860946631045,3839.695808661325,3863.4738186462314,3,us-east-1
2025-09-20,3869.8450017415526,3845.9305700685,3881.794961105305,4,us-east-1
2025-09-21,3892.801579008474,3874.4339951236493,3902.4846162777185,3,us-east-1
2025-09-22,3860.896319517008,3836.444908858701,3886.2881690467884,5,us-east-1
2025-09-23,3837.7646193738133,3820.492279112968,3856.7630326251005,3,us-east-1
2025-09-24,3881.2783002438164,3868.106350864971,3888.517357482873,4,us-east-1
2025-09-25,3942.4910019737595,3900.464414257517,3986.2417276210367,4,us-east-1
2025-09-26,4025.771121173419,4012.980378497619,4040.717520027864,3,us-east-1
2025-09-27,4076.747358643909,4058.225937536281,4085.707651224891,4,us-east-1
2025-09-28,3945.2641356089616,3883.7106699175656,4020.4574480436536,5,us-east-1
2025-09-29,3765.5056310228715,3716.440264716126,3807.04748635783,3,us-east-1
2025-09-30,3608.79484500174,3503.5179380006953,3695.924764890281,4,us-east-1
2025-10-01,3423.589341692789,3400.6734006733996,3443.4923952165323,4,us-east-1
2025-10-02,3341.852432369673,3312.0515499825838,3377.731336352025,4,us-east-1
2025-10-03,3235.623476140717,3185.5567165911984,3305.282712179263,4,us-east-1
2025-10-04,3026.458067262664,2989.144316730523,3107.3957970509687,6,us-east-1
2025-10-05,2915.192151399047,2869.0467897364438,2954.5106234761397,4,us-east-1
2025-10-06,2805.5071790703964,2772.5995588064548,2855.1724137931024,3,us-east-1
2025-10-07,2735.458028561476,2716.3473818646225,2769.97561825148,5,us-east-1
2025-10-08,2703.049653624366,2680.9822361546494,2717.26460002322,3,us-east-1
2025-10-09,2667.77255311738,2629.1884360849867,2693.010565424358,4,us-east-1
2025-10-10,2564.211076280041,2505.294322535701,2605.677464298153,4,us-east-1
2025-10-11,2416.47509578544,2358.713572506675,2470.7419017763837,4,us-east-1
2025-10-12,2328.3408800650172,2314.5013351909897,2348.9492627423656,3,us-east-1
2025-10-13,2237.164750957854,2216.672471844885,2270.463253221873,3,us-east-1
2025-10-14,2246.412399860675,2182.700568907465,2315.8016951120394,4,us-east-1
2025-10-15,2373.969580866132,2335.527690700104,2420.0394752118887,4,us-east-1
2025-10-16,2518.2224544293504,2461.2562405665844,2560.571229536746,4,us-east-1
2025-10-17,2599.843260188087,2569.7318007662825,2627.934517589689,4,us-east-1
2025-10-18,2539.486822245442,2520.2136305584577,2552.9200046441415,3,us-east-1
2025-10-19,2440.4930531367304,2412.365029606408,2474.6197608266566,3,us-east-1
2025-10-20,2380.9241843724594,2372.715662370834,2391.8843608498773,4,us-east-1
2025-10-21,2402.6065250203173,2389.8641588296755,2418.855218855218,4,us-east-1
2025-10-22,2411.5716552498156,2405.6426332288393,2415.9410193892945,3,us-east-1
2025-10-23,2368.6822245442927,2337.2808545222333,2400.8011145942173,5,us-east-1
2025-10-24,2323.4954913115826,2311.1807732497377,2333.6700336700333,3,us-east-1
2025-10-25,2292.1142459073485,2277.046325322187,2301.3351909903627,5,us-east-1
2025-10-26,2263.563798908626,2253.3844189016595,2272.7621037965855,4,us-east-1
2025-10-27,2230.424939045628,2215.9758504586084,2246.615581098339,4,us-east-1
2025-10-28,2200.0812724950647,2193.207941483803,2206.873331011261,4,us-east-1
2025-10-29,2178.8381903324425,2174.050853361198,2185.672820155578,3,us-east-1
2025-10-30,2211.3735051666076,2178.1144781144776,2238.0355276906994,5,us-east-1
2025-10-31,2307.8834320213623,2260.362243120863,2344.966910484151,5,us-east-1
2025-11-01,2416.5718487557565,2377.3017531638216,2451.724137931034,3,us-east-1
2025-11-02,2515.88761174968,2468.547544409613,2541.553465691396,5,us-east-1
2025-11-03,2616.3752467200734,2543.8407059096708,2679.066527342389,5,us-east-1
2025-11-04,2725.628700801114,2701.021711366538,2746.7084639498426,5,us-east-1
2025-11-05,2774.123418088934,2766.1906420527102,2788.1109950075456,4,us-east-1
2025-11-06,2815.7629939239123,2789.21397886915,2858.4000928828505,3,us-east-1
2025-11-07,2959.029374201787,2888.436084987808,3032.6947637292456,5,us-east-1
2025-11-08,2842.78493749758,2287.7510739579698,3132.3348426796692,15,us-east-1
2025-11-09,2903.349974844227,2280.239173342621,3224.8577731336345,15,us-east-1
2025-11-10,2975.436355896125,2265.45918959712,3415.9874608150462,18,us-east-1
2025-11-11,2948.8817775455695,2249.100197376059,3608.2317427145003,16,us-east-1
2025-11-12,2872.8046751035245,2226.599326599326,3731.7194937884583,15,us-east-1
2025-11-13,3013.0978479862856,2218.2863113897592,3936.3404156507595,17,us-east-1
2025-11-14,3043.4718538166803,2208.707767328456,4117.20654824103,13,us-east-1
2025-11-15,3093.1498897016127,2192.778358295599,4246.453036108207,15,us-east-1
2025-11-16,3106.966939510042,2186.949959363752,4465.28503425055,16,us-east-1
2025-11-17,3176.2010913735044,2177.626843144084,4648.426796702658,15,us-east-1
2025-11-18,3187.918399683105,2167.0033670033663,4938.743759433413,17,us-east-1
2025-11-19,3284.433608111768,2160.7918263090673,4927.551375827236,15,us-east-1
2025-11-20,3045.643213746661,2144.676651573203,4907.117148496457,16,us-east-1
2025-11-21,3016.500251557722,2132.0097526994073,4826.924416579588,6,us-east-1
2025-11-22,3423.3273830256576,2123.3948682224536,4818.797167073028,16,us-east-1
2025-11-23,3294.577189519717,2114.756763032625,4740.067340067339,15,us-east-1
2025-11-24,3368.896580750028,2101.927319168698,4719.900150934633,16,us-east-1
2025-11-25,3334.086716462194,2091.605712295367,4678.834320213629,18,us-east-1
2025-11-26,3114.3186655830327,2071.7984442122365,4612.875885289677,15,us-east-1
2025-11-27,3308.0957356819417,2061.383954487402,4548.066875653081,14,us-east-1
2025-11-28,3107.790549169859,2044.0380819691159,4482.131661442005,15,us-east-1
2025-11-29,3465.2364158829664,2037.8845930570062,4447.7650063856945,16,us-east-1
2025-11-30,3155.7688958551016,2026.3090676883774,4397.074190177637,16,us-east-1
2025-12-01,3249.0753180408346,2019.1106466968529,4332.323232323231,14,us-east-1
2025-12-02,3292.8836255273027,2019.482178102867,4301.486125624055,15,us-east-1
2025-12-03,3244.257995779293,2114.8496458841278,4225.345408104027,17,us-east-1
2025-12-04,3047.143852316265,2130.0011610356432,4151.979565772668,14,us-east-1
2025-12-05,3144.8446147296713,2101.091373505166,4126.7850923023325,15,us-east-1
2025-12-06,3061.1317517447774,2023.7663996284682,4080.924184372459,18,us-east-1
2025-12-07,3055.0522124558624,1943.5156159294083,4033.7396958086606,17,us-east-1
2025-12-08,3211.3278377646184,1931.8123766399622,3984.6511087890385,15,us-east-1
2025-12-09,3497.7253376678655,2756.4495530012764,3949.4252873563205,12,us-east-1
2025-12-11,3447.393474979681,2756.2405665853935,3725.8330430744213,4,us-east-1
2025-12-12,3366.227021169549,2777.812608847091,3687.820736096597,15,us-east-1
2025-12-13,3429.0739911429555,2977.719725995587,3736.61906420527,14,us-east-1
2025-12-14,3443.279836383284,3142.6448391965623,3714.489724834551,13,us-east-1
2025-12-15,3484.9571246122964,3235.3070939277827,3714.489724834551,14,us-east-1
2025-12-16,3552.0716746004096,3373.598049460117,3791.1877394636003,15,us-east-1
2025-12-17,3634.335396404361,3403.227679089747,3865.087658191105,13,us-east-1
2025-12-18,3640.809573568193,3511.749680715197,3859.503076744455,14,us-east-1
2025-12-19,3657.631760471516,3464.971554626726,3875.9549518170197,17,us-east-1
2025-12-20,3633.9209959899604,3415.801695112039,3866.829211656797,13,us-east-1
2025-12-21,3588.226131042222,3367.665157320329,3914.919308022755,12,us-east-1
2025-12-22,3577.8009984906525,3369.9175664692893,3913.9672587948435,11,us-east-1
2025-12-23,3625.226816606126,3377.742946708463,3900.754673168465,14,us-east-1
2025-12-24,3618.661940568633,3392.221061186577,3899.895506792057,17,us-east-1
2025-12-25,3668.7197646967747,3516.788575409264,3876.210379658655,12,us-east-1
2025-12-26,3662.2779519331234,3510.0429583188193,3848.9144316730512,15,us-east-1
2025-12-27,3684.9203239289436,3580.4133286891897,3819.1338674097283,16,us-east-1
2025-12-28,3695.4479662525628,3642.9467084639487,3793.974225008707,15,us-east-1
2025-12-29,3696.6404604335626,3607.0126552885163,3757.6221990015088,14,us-east-1
2025-12-30,3682.672704052013,3599.37304075235,3726.8895855102737,15,us-east-1
2025-12-31,3663.4403535012048,3598.943457564146,3735.272262858469,17,us-east-1
2026-01-01,3669.8502264019494,3580.912574016021,3742.3313595727377,15,us-east-1
2026-01-02,3678.8567669027425,3592.9873447114815,3775.2118890049915,15,us-east-1
2026-01-03,3704.6001890829466,3520.840589806106,3790.8510391268997,14,us-east-1
2026-01-04,3664.8893890273184,3419.249970974108,3800.696621386275,13,us-east-1
2026-01-05,3688.687884593056,3323.557413212585,3797.805642633228,16,us-east-1
2026-01-06,3599.641737572771,3254.3596888424468,3888.9469406710773,14,us-east-1
2026-01-07,3748.104028793683,3301.381632416114,4107.268083130151,15,us-east-1
2026-01-08,3716.1126868023407,3435.806339254614,4069.615697201903,14,us-east-1
2026-01-09,3635.4638337396946,3458.8064553581785,3931.115755253685,4,us-east-1
2026-01-10,3585.329927628777,3380.8777429467073,3927.632648322302,15,us-east-1
2026-01-11,3526.1155617477443,3279.995355857424,3809.4624404969218,15,us-east-1
2026-01-12,3390.1790043777864,3167.5606641123873,3740.1370022059664,17,us-east-1
2026-01-13,3335.17783195944,3088.250319284801,3658.51619644723,15,us-east-1
2026-01-14,3246.782591610177,3037.8729827005677,3596.400789504237,13,us-east-1
2026-01-15,3195.0931731104133,3011.7032392894453,3490.897480552652,16,us-east-1
2026-01-16,3122.51248113317,2949.0885870196207,3392.104957622198,14,us-east-1
2026-01-17,3050.3651457099722,2888.5173574828736,3308.858701962149,20,us-east-1
2026-01-18,3011.2780099849056,2851.1900615348886,3256.507604783466,16,us-east-1
2026-01-19,2914.6210111727346,2762.3708347846273,3161.813537675606,13,us-east-1
2026-01-20,2839.772192585259,2664.66968535934,3095.1120399396254,19,us-east-1
2026-01-21,2772.9238194755426,2606.19993033786,3020.051085568326,14,us-east-1
2026-01-22,2696.0896319517,2567.258794845001,2914.988970161383,15,us-east-1
2026-01-23,2610.0532027509707,2495.808661325902,2788.1922675026117,17,us-east-1
2026-01-24,2548.3284501540074,2456.182514803204,2716.3009404388704,17,us-east-1
2026-01-25,2481.3537675606635,2382.526413560896,2619.7608266573775,17,us-east-1
2026-01-26,2426.8911335577995,2353.8836642284914,2574.016022291884,15,us-east-1
2026-01-27,2379.3923429699284,2266.9801462904907,2539.881574364332,16,us-east-1
2026-01-28,2338.995317156236,2237.3505166608606,2496.60977592012,15,us-east-1
2026-01-29,2277.871343591424,2160.9311505863225,2421.142459073493,17,us-east-1
2026-01-30,2222.8576957312584,2097.608266573783,2366.5505631022866,15,us-east-1
2026-01-31,2176.862881690467,2040.4853128991053,2331.1273656101234,15,us-east-1
2026-02-01,2092.1920352954826,1969.5808661325896,2267.119470567746,18,us-east-1
2026-02-02,2078.1564044016145,1932.2071287588521,2235.49285963079,18,us-east-1
2026-02-03,2034.3185550082094,1894.7869499593633,2134.5872518286305,14,us-east-1
2026-02-04,2032.6209550347478,1933.0430744223843,2095.286195286195,14,us-east-1
2026-02-05,2038.194406252482,1985.0458609079294,2129.3858121444323,19,us-east-1
2026-02-06,2025.4632978770906,1960.629281318936,2141.9017763845345,13,us-east-1
2026-02-07,1978.9770593016021,1895.7273888308364,2153.930105654243,17,us-east-1
2026-02-08,1959.1801637060253,1873.969580866132,2178.184140253105,16,us-east-1
2026-02-09,1937.650337041817,1832.102635550911,2226.4948333913844,17,us-east-1
2026-02-10,1923.1242017879943,1784.488563798908,2264.3445953790774,16,us-east-1
2026-02-11,1865.946213496122,1728.5266457680245,2241.6695692557755,19,us-east-1
2026-02-12,1881.2135501790667,1709.6365958434917,2192.464878671775,13,us-east-1
2026-02-13,1846.399130881889,1683.6293974225002,2195.611285266457,14,us-east-1
2026-02-14,1861.0754507306226,1630.291419946592,2239.8699640078944,14,us-east-1
2026-02-15,1877.0454322178452,1607.8950423778006,2286.6016486706135,13,us-east-1
2026-02-16,1902.586377637087,1555.6716591199345,2356.7978636944144,17,us-east-1
2026-02-17,1952.3039301056535,1510.1590618831992,2426.0188087774286,16,us-east-1
2026-02-18,1987.0660629281313,1509.810751190061,2390.2240798792513,15,us-east-1
2026-02-19,1994.7366384147986,1524.1611517473582,2342.6448391965623,15,us-east-1
2026-02-20,2019.087425983977,1560.4086845466152,2317.3807035875993,15,us-east-1
2026-02-21,2038.3853864313628,1582.2129339370713,2373.714153024497,15,us-east-1
2026-02-22,2116.180192731916,1605.7239057239053,2397.8869151282934,15,us-east-1
2025-07-28,1322.802740044119,1322.802740044119,1322.802740044119,1,us-east-2
2025-07-29,1387.778938813421,1341.576686404272,1438.2793451758964,5,us-east-2
2025-07-30,1478.3292697085797,1467.8277023104606,1496.1569720190405,4,us-east-2
2025-07-31,1557.938000696621,1527.1101822825956,1597.677928712411,5,us-east-2
2025-08-01,1519.7044334975365,1341.0658307210026,1650.923023336816,7,us-east-2
2025-08-02,1551.1900615348886,1359.5030767444557,1706.397306397306,9,us-east-2
2025-08-03,1562.9426448391962,1425.4150702426562,1702.8793683966094,4,us-east-2
2025-08-04,1551.5920701265525,1434.714965749448,1681.3653779171016,8,us-east-2
2025-08-05,1525.5369789852546,1438.1284105422033,1628.5150354115867,6,us-east-2
2025-08-06,1562.842505514919,1447.0451642865432,1677.5223499361425,8,us-east-2
2025-08-07,1588.8714733542317,1499.6168582375474,1675.3047718564953,6,us-east-2
2025-08-08,1600.3773365842326,1522.4776500638563,1664.1239986067567,8,us-east-2
2025-08-09,1595.4900215436608,1570.5213050040632,1634.0183443631715,9,us-east-2
2025-08-10,1534.9950655985135,1502.0782538023914,1569.708580053407,8,us-east-2
2025-08-11,1465.4193826607614,1445.9189597120626,1485.6960408684542,7,us-east-2
2025-08-12,1396.6355767122047,1349.0073145245556,1440.3343782654122,9,us-east-2
2025-08-13,1343.0001161035639,1322.802740044119,1364.6348542900264,5,us-east-2
2025-08-14,1322.802740044119,1322.802740044119,1322.802740044119,2,us-east-2
2025-08-15,1324.512365029606,1322.802740044119,1329.6412399860671,4,us-east-2
2025-08-16,1322.802740044119,1322.802740044119,1322.802740044119,2,us-east-2
2025-08-17,1326.5993265993263,1322.802740044119,1330.4655752931612,4,us-east-2
2025-08-18,1350.236077247571,1322.802740044119,1376.837338906304,6,us-east-2
2025-08-19,1334.0299547196093,1322.802740044119,1352.0027864855447,6,us-east-2
2025-08-20,1382.6309067688376,1343.6897712759778,1425.426680599094,7,us-east-2
2025-08-21,1455.7863113897592,1393.196331127365,1485.312899106002,8,us-east-2
2025-08-22,1514.9528490524654,1458.620689655172,1579.5773830256585,9,us-east-2
2025-08-23,1495.747706954603,1402.8909787530472,1557.6686404272607,8,us-east-2
2025-08-24,1425.020318123766,1365.3430860327408,1508.2897944966905,8,us-east-2
2025-08-25,1363.1051898293274,1324.6836177870657,1406.6527342389409,8,us-east-2
2025-08-26,1342.4706838499937,1322.802740044119,1363.915012190874,5,us-east-2
2025-08-27,1322.802740044119,1322.802740044119,1322.802740044119,2,us-east-2
2025-08-28,1330.2594914663878,1322.802740044119,1348.2178102867754,4,us-east-2
2025-08-29,1361.927319168698,1336.39846743295,1393.3704864739343,10,us-east-2
2025-08-30,1345.5067920585157,1322.802740044119,1381.098339719029,8,us-east-2
2025-08-31,1330.7024265644952,1322.802740044119,1340.6826889585507,5,us-east-2
2025-09-01,1328.2857308719374,1322.802740044119,1338.174851967955,4,us-east-2
2025-09-02,1344.4281899454309,1322.802740044119,1362.5914315569485,5,us-east-2
2025-09-03,1326.574170827044,1322.802740044119,1341.7044003250896,6,us-east-2
2025-09-04,1327.0114942528733,1322.802740044119,1334.8078486009517,4,us-east-2
2025-09-05,1326.819923371647,1322.802740044119,1331.0344827586202,4,us-east-2
2025-09-06,1372.8709508881918,1333.7861372344128,1415.2443980030184,8,us-east-2
2025-09-07,1377.2030651340992,1347.1612678509225,1412.1560431905257,8,us-east-2
2025-09-08,1360.2020202020199,1342.3081388598625,1387.344711482642,5,us-east-2
2025-09-09,1349.6942606138005,1323.41808893533,1379.496110530593,6,us-east-2
2025-09-10,1357.317749654914,1322.802740044119,1400.8591663764073,9,us-east-2
2025-09-11,1406.735458028561,1361.3839544874024,1466.120979914083,8,us-east-2
2025-09-12,1500.905607802159,1433.8209683037267,1572.0654824103096,7,us-east-2
2025-09-13,1500.2989666782767,1459.212817833507,1558.0982236154646,8,us-east-2
2025-09-14,1537.7469274020993,1479.0897480552649,1588.737954255195,7,us-east-2
2025-09-15,1538.2975900217275,1466.8756530825492,1647.5792406826884,7,us-east-2
2025-09-16,1610.900673400673,1489.8525484732377,1733.4842679670262,8,us-east-2
2025-09-17,1684.631758194976,1562.7771972599555,1822.2106118657837,9,us-east-2
2025-09-18,1790.8871602358186,1692.406826889585,1913.816324161151,9,us-east-2
2025-09-19,1899.656849465278,1782.4103099965164,1998.5835365145704,9,us-east-2
2025-09-20,2017.0220725776276,1872.158365261813,2168.6172065482406,9,us-east-2
2025-09-21,2123.9986067572268,1974.4456054800878,2323.0001161035634,8,us-east-2
2025-09-22,2258.37832346453,2057.239057239057,2487.1705561360727,8,us-east-2
2025-09-23,2385.294838551543,2151.9099036340413,2640.508533611981,9,us-east-2
2025-09-24,2500.5534269902078,2273.505166608614,2724.7648902821306,6,us-east-2
2025-09-25,2626.217636131428,2299.7794032276784,2874.979681876233,8,us-east-2
2025-09-26,2698.5420709558634,2377.835829559967,2936.015325670497,7,us-east-2
2025-09-27,2766.3382594417067,2483.7803320561934,2966.5273423894105,7,us-east-2
2025-09-28,2807.6047834668516,2571.136653895274,2973.5632183908037,5,us-east-2
2025-09-29,2758.0440419520874,2578.4163473818635,2951.3177754557055,9,us-east-2
2025-09-30,2761.515538527032,2618.088935330314,2882.131661442005,9,us-east-2
2025-10-01,2768.566411238824,2659.8281667247174,2841.2399860675714,8,us-east-2
2025-10-02,2814.1049244497513,2784.894926274236,2860.2577499129216,7,us-east-2
2025-10-03,2768.832827453516,2722.3151050737247,2799.9303378613713,7,us-east-2
2025-10-04,2682.076512248925,2608.556832694763,2752.316266109369,8,us-east-2
2025-10-05,2601.515151515151,2522.1990015093456,2684.87170556136,8,us-east-2
2025-10-06,2560.828592437787,2488.331591779867,2640.137002205967,6,us-east-2
2025-10-07,2564.3639459731407,2502.0550330895153,2607.3029141994652,6,us-east-2
2025-10-08,2646.7810286775793,2611.981887843956,2686.659700452803,8,us-east-2
2025-10-09,2712.1386276558683,2686.5087658191096,2736.038546383373,8,us-east-2
2025-10-10,2764.961602892636,2746.185997910135,2785.475444096133,7,us-east-2
2025-10-11,2791.6886434127805,2775.3744339951227,2805.8051782189705,7,us-east-2
2025-10-12,2813.685707651224,2787.6930221757802,2839.451991176128,8,us-east-2
2025-10-13,2854.228491814698,2821.339835132938,2885.5102751654467,10,us-east-2
2025-10-14,2882.05038894694,2841.147103216068,2912.7133402995464,9,us-east-2
2025-10-15,2920.170506377402,2907.6396145361655,2928.6775804017175,7,us-east-2
2025-10-16,2921.2890398235218,2888.923719958202,2957.6105886450705,8,us-east-2
2025-10-17,2927.3220712875873,2890.0034831069306,2961.082085220015,8,us-east-2
2025-10-18,2404.2464878671767,1330.1404853128988,3015.348891210959,12,us-east-2
2025-10-19,2316.85146483997,1406.165099268547,3055.30012771392,12,us-east-2
2025-10-20,2470.1236502960633,1504.4351561592937,3023.928944618599,12,us-east-2
2025-10-21,2576.3549813706545,1552.6529664460693,3050.957854406129,11,us-east-2
2025-10-22,2475.2319432570207,1605.805178218971,3039.649367235573,11,us-east-2
2025-10-23,2549.4243942519797,1664.483919656333,3017.1020550330886,13,us-east-2
2025-10-24,2578.0070823174265,1764.425867874143,3003.076744456054,12,us-east-2
2025-10-25,2619.1919191919183,1910.7047486357826,2991.6405433646805,11,us-east-2
2025-10-26,2481.731550697067,1963.9962846859394,2919.609892023684,13,us-east-2
2025-10-27,2492.578660164866,2053.6166260304185,2811.6335771508175,10,us-east-2
2025-10-28,2389.8709315375977,2100.766283524904,2634.0415650760474,12,us-east-2
2025-10-29,2396.6696139109927,2242.0527110182275,2481.411819342853,13,us-east-2
2025-10-30,2395.659661751615,2249.9825844653424,2535.086497155462,12,us-east-2
2025-10-31,2359.850331950645,2227.0869615697193,2635.260652502031,11,us-east-2
2025-11-01,2470.858005340763,2248.6938349007305,2750.3192848020426,11,us-east-2
2025-11-02,2580.1605801605792,2376.0478346685236,2874.9912922326707,13,us-east-2
2025-11-03,2501.0154596361485,2340.2066643445946,2928.956228956228,13,us-east-2
2025-11-04,2623.4328657526144,2368.907465459189,3005.0505050505044,11,us-east-2
2025-11-05,2634.1019389295243,2320.6316033902235,2997.422500870776,10,us-east-2
2025-11-06,2675.7790102617682,2311.5290839428762,2972.28607918263,13,us-east-2
2025-11-07,2735.547041294167,2303.1928480204333,3032.6947637292456,12,us-east-2
2025-11-08,2747.7333417772284,2287.7510739579698,3089.039823522581,11,us-east-2
2025-11-09,2834.13735051666,2280.239173342621,3140.5549750377327,12,us-east-2
2025-11-10,2862.5640642882013,2265.45918959712,3128.6543596888414,14,us-east-2
2025-11-11,2754.556097372188,2249.100197376059,3117.833507488679,12,us-east-2
2025-11-12,2666.725685978559,2226.599326599326,3115.8481365377907,12,us-east-2
2025-11-13,2753.8068572551324,2218.2863113897592,3109.764309764309,13,us-east-2
2025-11-14,2746.5911993498194,2208.707767328456,3089.852548473237,10,us-east-2
2025-11-15,2682.3775899011,2192.778358295599,3063.380935794728,11,us-east-2
2025-11-16,2683.5258717442616,2186.949959363752,3044.9553001277127,12,us-east-2
2025-11-17,2662.1238508385836,2177.626843144084,3034.4014861256233,11,us-east-2
2025-11-18,2688.0073949039456,2167.0033670033663,3023.325206083826,13,us-east-2
2025-11-19,2689.583399301267,2160.7918263090673,3001.6835016835007,11,us-east-2
2025-11-20,2617.5468209950964,2144.676651573203,2982.201323580633,13,us-east-2
2025-11-21,2654.415418553349,2132.0097526994073,3100.232207128758,5,us-east-2
2025-11-22,2804.747580296169,2123.3948682224536,3234.3434343434333,11,us-east-2
2025-11-23,2771.805832620879,2114.756763032625,3400.0580517821886,11,us-east-2
2025-11-24,2924.8897016138385,2101.927319168698,3495.8318820387776,12,us-east-2
2025-11-25,2823.9182273665024,2091.605712295367,3550.818530128874,13,us-east-2
2025-11-26,2744.274159216687,2071.7984442122365,3620.236851271333,12,us-east-2
2025-11-27,2820.0650179960517,2061.383954487402,3631.0344827586196,10,us-east-2
2025-11-28,2765.253105770347,2044.0380819691159,3623.5109717868327,12,us-east-2
2025-11-29,3023.906779392672,2037.8845930570062,3634.378265412747,11,us-east-2
2025-11-30,2751.2587561438127,2026.3090676883774,3631.4292348775098,12,us-east-2
2025-12-01,2956.0927984125465,2019.1106466968529,3634.98200394752,11,us-east-2
2025-12-02,2798.1655636828045,2019.482178102867,3637.9310344827577,10,us-east-2
2025-12-03,2953.037894417204,2114.8496458841278,3636.9325438290944,13,us-east-2
2025-12-04,2749.467506834277,2130.0011610356432,3674.898409381167,11,us-east-2
2025-12-05,2793.548863768299,2101.091373505166,3712.6436781609186,11,us-east-2
2025-12-06,2774.6239073825272,2023.7663996284682,3755.567165911992,14,us-east-2
2025-12-07,2759.7254597254587,1943.5156159294083,3827.8996865203753,13,us-east-2
2025-12-08,2935.831670941388,1931.8123766399622,3896.9116451875066,11,us-east-2
2025-12-09,3357.1990660113256,2756.4495530012764,3891.199349820038,9,us-east-2
2025-12-11,3390.4137157010714,2756.2405665853935,3725.8330430744213,3,us-east-2
2025-12-12,3299.1355561888467,2777.812608847091,3687.820736096597,11,us-east-2
2025-12-13,3362.183779042016,2977.719725995587,3736.61906420527,9,us-east-2
2025-12-14,3401.877394636014,3142.6448391965623,3714.489724834551,10,us-east-2
2025-12-15,3414.2099152443966,3235.3070939277827,3714.489724834551,10,us-east-2
2025-12-16,3478.7139947014543,3373.598049460117,3692.4184372460227,11,us-east-2
2025-12-17,3540.980688107124,3403.227679089747,3703.239289446185,9,us-east-2
2025-12-18,3585.4933873742643,3511.749680715197,3703.239289446185,11,us-east-2
2025-12-19,3599.751716993095,3464.971554626726,3714.176245210727,13,us-east-2
2025-12-20,3565.1712527574587,3415.801695112039,3699.37304075235,10,us-east-2
2025-12-21,3484.4098713830504,3367.665157320329,3692.1281783350737,9,us-east-2
2025-12-22,3454.0113781493083,3369.9175664692893,3692.1281783350737,8,us-east-2
2025-12-23,3515.971206316033,3377.742946708463,3683.3159177986754,10,us-east-2
2025-12-24,3535.2856594235895,3392.221061186577,3615.96424010217,13,us-east-2
2025-12-25,3603.2547699214356,3516.788575409264,3717.6825728549857,9,us-east-2
2025-12-26,3617.685475444095,3510.0429583188193,3724.4978520840573,12,us-east-2
2025-12-27,3642.7696505282697,3580.4133286891897,3717.3342621618476,12,us-east-2
2025-12-28,3665.45918959712,3642.9467084639487,3685.579937304074,11,us-east-2
2025-12-29,3681.4667046641957,3607.0126552885163,3718.193428538255,11,us-east-2
2025-12-30,3672.792712918104,3599.37304075235,3717.961221409496,11,us-east-2
2025-12-31,3675.643407252602,3607.0126552885163,3735.272262858469,12,us-east-2
2026-01-01,3688.827934517589,3612.3534192499696,3742.3313595727377,12,us-east-2
2026-01-02,3697.16812851609,3592.9873447114815,3775.2118890049915,11,us-east-2
2026-01-03,3708.1483592455365,3520.840589806106,3790.8510391268997,11,us-east-2
2026-01-04,3647.2866597004518,3419.249970974108,3800.696621386275,10,us-east-2
2026-01-05,3666.949537168972,3323.557413212585,3797.805642633228,11,us-east-2
2026-01-06,3560.108926253126,3254.3596888424468,3888.9469406710773,11,us-east-2
2026-01-07,3756.6416516259765,3301.381632416114,4107.268083130151,11,us-east-2
2026-01-08,3726.9339159621277,3435.806339254614,4069.615697201903,11,us-east-2
2026-01-09,3679.96052478811,3458.8064553581785,3931.115755253685,3,us-east-2
2026-01-10,3634.877510739578,3380.8777429467073,3927.632648322302,11,us-east-2
2026-01-11,3570.2722100841215,3279.995355857424,3809.4624404969218,11,us-east-2
2026-01-12,3418.5233561670334,3167.5606641123873,3740.1370022059664,12,us-east-2
2026-01-13,3365.0924958396213,3088.250319284801,3658.51619644723,12,us-east-2
2026-01-14,3284.6536888682476,3037.8729827005677,3596.400789504237,9,us-east-2
2026-01-15,3229.33937071868,3011.7032392894453,3490.897480552652,12,us-east-2
2026-01-16,3152.43975808239,2949.0885870196207,3392.104957622198,11,us-east-2
2026-01-17,3087.014977359804,2921.8390804597693,3308.858701962149,15,us-east-2
2026-01-18,3045.9055631469414,2857.0416811796117,3256.507604783466,13,us-east-2
2026-01-19,2963.9395229433535,2813.6886102403337,3161.813537675606,9,us-east-2
2026-01-20,2902.2836678009085,2720.6780448159748,3095.1120399396254,13,us-east-2
2026-01-21,2813.146089948597,2658.504586090792,3020.051085568326,11,us-east-2
2026-01-22,2736.875547533854,2593.5446418205033,2914.988970161383,11,us-east-2
2026-01-23,2636.815547160374,2524.2075931731097,2788.1922675026117,13,us-east-2
2026-01-24,2570.604363707811,2469.0467897364438,2716.3009404388704,13,us-east-2
2026-01-25,2503.36521715832,2401.5673981191217,2619.7608266573775,13,us-east-2
2026-01-26,2451.2533907518227,2355.474283060489,2574.016022291884,11,us-east-2
2026-01-27,2407.2980765509496,2305.480088238708,2539.881574364332,12,us-east-2
2026-01-28,2359.7265761058857,2237.3505166608606,2496.60977592012,12,us-east-2
2026-01-29,2309.113162274081,2173.6909323116215,2421.142459073493,12,us-east-2
2026-01-30,2260.0867610271994,2125.217694183211,2366.5505631022866,11,us-east-2
2026-01-31,2206.9913696350472,2061.697434111227,2331.1273656101234,12,us-east-2
2026-02-01,2125.992015647187,1969.5808661325896,2267.119470567746,13,us-east-2
2026-02-02,2090.621928093192,1932.2071287588521,2235.49285963079,15,us-east-2
2026-02-03,2030.170038947468,1894.7869499593633,2134.5872518286305,11,us-east-2
2026-02-04,2022.6412505409367,1933.0430744223843,2095.286195286195,11,us-east-2
2026-02-05,2031.8513542651467,1985.0458609079294,2129.3858121444323,14,us-east-2
2026-02-06,2034.8984093811675,1960.629281318936,2141.9017763845345,10,us-east-2
2026-02-07,2002.340454351948,1895.7273888308364,2153.930105654243,12,us-east-2
2026-02-08,1985.9524362397922,1875.3163822129334,2178.184140253105,12,us-east-2
2026-02-09,1954.3936906005868,1832.102635550911,2226.4948333913844,14,us-east-2
2026-02-10,1959.4179341305771,1784.488563798908,2264.3445953790774,12,us-east-2
2026-02-11,1881.3576376794763,1728.5266457680245,2241.6695692557755,15,us-east-2
2026-02-12,1899.5483571345635,1709.6365958434917,2192.464878671775,10,us-east-2
2026-02-13,1840.075467316846,1683.6293974225002,2195.611285266457,10,us-east-2
2026-02-14,1848.2623166531205,1630.291419946592,2239.8699640078944,12,us-east-2
2026-02-15,1838.3451371957115,1607.8950423778006,2286.6016486706135,9,us-east-2
2026-02-16,1854.9482446034165,1555.6716591199345,2356.7978636944144,13,us-east-2
2026-02-17,1902.1914547776612,1510.1590618831992,2426.0188087774286,12,us-east-2
2026-02-18,1931.7828230053929,1509.810751190061,2390.2240798792513,11,us-east-2
2026-02-19,1945.9828166724712,1524.1611517473582,2342.6448391965623,12,us-east-2
2026-02-20,1954.302692547206,1560.4086845466152,2317.3807035875993,11,us-east-2
2026-02-21,1981.185945135788,1582.2129339370713,2373.714153024497,11,us-east-2
2026-02-22,2082.398699640078,1605.7239057239053,2397.8869151282934,11,us-east-2
2025-07-28,1322.802740044119,1322.802740044119,1322.802740044119,1,us-west-2
2025-07-29,1357.8228923056506,1324.7765006385691,1398.2120051085565,7,us-west-2
2025-07-30,1407.0192897779102,1370.776732845698,1448.8215488215483,7,us-west-2
2025-07-31,1461.2983281086724,1420.3297341228372,1512.6901195866708,8,us-west-2
2025-08-01,1557.8033205619408,1492.7319168698475,1650.1102983861601,10,us-west-2
2025-08-02,1651.1694209012212,1597.654707999535,1707.95309415999,9,us-west-2
2025-08-03,1704.287538770297,1657.8195750609539,1777.9054916985947,7,us-west-2
2025-08-04,1788.1371183095316,1699.930337861372,1851.0275165447574,8,us-west-2
2025-08-05,1875.079014925758,1823.3019853709504,1927.655869035179,9,us-west-2
2025-08-06,1981.2144432834082,1956.972019040984,2011.4594218042487,7,us-west-2
2025-08-07,2032.3483880955139,1976.1755485893411,2094.601184256356,6,us-west-2
2025-08-08,2094.655918793849,2025.6937187971662,2169.7550214791586,7,us-west-2
2025-08-09,2215.5411071119875,2123.383257866016,2313.9672587948444,9,us-west-2
2025-08-10,2350.1489995742863,2210.797631487286,2483.9777081156385,9,us-west-2
2025-08-11,2445.8705832269043,2308.1504702194347,2579.2639034018334,6,us-west-2
2025-08-12,2516.5447579240677,2396.3079066527334,2616.5215372111916,8,us-west-2
2025-08-13,2574.9116783599534,2497.039359108324,2678.5440613026813,7,us-west-2
2025-08-14,2667.28865004727,2560.5015673981184,2764.007895042377,7,us-west-2
2025-08-15,2719.40348568701,2600.8707767328447,2821.850690816207,9,us-west-2
2025-08-16,2810.8175349554654,2717.183327528154,2870.486473934749,7,us-west-2
2025-08-17,2859.514687100893,2786.1604551259716,2896.841983048879,9,us-west-2
2025-08-18,2926.3770712046567,2913.4447927551364,2951.3642168814577,7,us-west-2
2025-08-19,2967.152643014711,2946.406594682456,3017.078834320213,7,us-west-2
2025-08-20,3056.088180657145,2999.1408336235913,3108.881922675025,8,us-west-2
2025-08-21,3148.6502960640883,3121.873911529083,3183.2926970858,8,us-west-2
2025-08-22,3233.13079711547,3165.970045280389,3293.080227562985,9,us-west-2
2025-08-23,3289.1069055820003,3239.3591083246247,3333.5190990363394,9,us-west-2
2025-08-24,3354.5421373007566,3333.5423197492155,3392.859630790664,7,us-west-2
2025-08-25,3400.1727040520136,3377.8938813421564,3437.1415302449773,8,us-west-2
2025-08-26,3470.7419017763837,3424.7997213514445,3498.850574712643,6,us-west-2
2025-08-27,3539.8157823445167,3509.857192615812,3561.2794612794605,6,us-west-2
2025-08-28,3606.5610124230807,3569.035179380006,3652.8967839312654,10,us-west-2
2025-08-29,3682.542999784378,3649.970974108904,3721.3746662022513,7,us-west-2
2025-08-30,3738.5364316398786,3691.257401602228,3769.813073261348,7,us-west-2
2025-08-31,3811.1394919824024,3773.86508765819,3856.275397654707,9,us-west-2
2025-09-01,3822.900783054038,3801.114594218041,3842.586787414373,9,us-west-2
2025-09-02,3821.499062878372,3794.624404969232,3850.098688029721,7,us-west-2
2025-09-03,3849.1027774552663,3793.265993265992,3932.648322303493,9,us-west-2
2025-09-04,3911.5827818414014,3816.30094043887,4043.1440845233938,8,us-west-2
2025-09-05,3965.7975485561683,3843.5388366422835,4078.4743991640526,7,us-west-2
2025-09-06,3996.4675490537547,3853.7095088819215,4113.851155230464,8,us-west-2
2025-09-07,4023.658589175829,3926.901195866712,4148.391965633344,7,us-west-2
2025-09-08,4048.149806770495,3926.309067688377,4173.679321955183,7,us-west-2
2025-09-09,4139.600023220712,3987.3679321955174,4232.659932659932,8,us-west-2
2025-09-10,4142.54324857773,4015.0586323000102,4264.89028213166,8,us-west-2
2025-09-11,4219.612794612794,4070.776732845697,4313.885986299779,8,us-west-2
2025-09-12,4250.9246819591635,4157.587367932194,4351.85185185185,7,us-west-2
2025-09-13,4317.939659318969,4206.884941367699,4401.718332752814,7,us-west-2
2025-09-14,4309.243133764206,4250.063856960408,4373.4006734006725,9,us-west-2
2025-09-15,4346.048608692286,4313.920817369092,4372.9362591431545,6,us-west-2
2025-09-16,4333.770172994309,4299.883896435619,4375.89690003483,8,us-west-2
2025-09-17,4357.35018493639,4297.770811563913,4398.0726808313,7,us-west-2
2025-09-18,4332.517705793566,4282.305816788574,4421.711366538952,8,us-west-2
2025-09-19,4407.455300127713,4317.334262161848,4499.941948217809,8,us-west-2
2025-09-20,4439.201539201538,4347.544409613373,4539.997677928711,7,us-west-2
2025-09-21,4452.629745733193,4373.191686984789,4532.636711947055,9,us-west-2
2025-09-22,4444.038081969115,4371.577847439915,4523.278764658074,9,us-west-2
2025-09-23,4522.321555271746,4422.976895390688,4626.4367816091935,9,us-west-2
2025-09-24,4557.5525368628805,4483.524904214558,4665.076047834667,7,us-west-2
2025-09-25,4581.345059793334,4446.812957157784,4741.669569255775,8,us-west-2
2025-09-26,4656.683211424589,4453.326367119469,4889.457796354347,8,us-west-2
2025-09-27,4761.109659816555,4546.069894345755,4977.9519331243455,8,us-west-2
2025-09-28,4835.761556451211,4575.95495181702,5044.45605480088,7,us-west-2
2025-09-29,4791.759549518169,4598.095901544176,5099.1060025542765,8,us-west-2
2025-09-30,4862.089283641006,4605.944502496225,5135.225821432717,8,us-west-2
2025-10-01,4889.945431324741,4587.356321839079,5129.118773946359,7,us-west-2
2025-10-02,4870.126552885172,4589.7828863346085,5123.6967374898395,8,us-west-2
2025-10-03,4879.936014035629,4618.193428538255,5216.150005805176,9,us-west-2
2025-10-04,4928.126917782089,4672.878207360965,5259.282479972134,7,us-west-2
2025-10-05,5074.761020163318,4708.939974457215,5264.925113200974,6,us-west-2
2025-10-06,5088.633461047253,4723.12783002438,5367.65354696389,10,us-west-2
2025-10-07,5043.218100545685,4699.76779287124,5397.701149425286,8,us-west-2
2025-10-08,5116.134525329926,4769.987228607917,5469.302217578078,6,us-west-2
2025-10-09,5130.478636944153,4797.387669801461,5470.660629281318,8,us-west-2
2025-10-10,5175.062612993645,4822.8840125391835,5460.443515615928,7,us-west-2
2025-10-11,5156.83932925312,4769.789852548472,5460.76860559619,7,us-west-2
2025-10-12,5151.72929808945,4802.565888772784,5462.8584697550195,9,us-west-2
2025-10-13,5201.213282247763,4917.194937884591,5435.446418205037,8,us-west-2
2025-10-14,5316.520247171587,5118.623011726459,5473.052362707534,9,us-west-2
2025-10-15,5437.942644839195,5333.043074422383,5531.080924184371,7,us-west-2
2025-10-16,5569.637466620224,5479.287124114709,5646.278880761638,8,us-west-2
2025-10-17,5641.822162511816,5577.766167421338,5705.840009288283,7,us-west-2
2025-10-18,5690.470799953557,5617.136886102402,5768.768141181932,8,us-west-2
2025-10-19,5736.608905143386,5660.443515615928,5800.89399744572,8,us-west-2
2025-10-20,5765.887114162974,5688.656681760129,5852.594914663879,7,us-west-2
2025-10-21,5745.164286543595,5646.580750029024,5878.892371995818,7,us-west-2
2025-10-22,5754.636678774608,5682.944386392661,5809.276674793914,7,us-west-2
2025-10-23,5750.454255195633,5708.17369093231,5797.8869151282925,8,us-west-2
2025-10-24,5635.522714833059,5586.427493324044,5682.967607105536,7,us-west-2
2025-10-25,5624.272279444691,5580.9822361546485,5673.435504469985,7,us-west-2
2025-10-26,5625.923023336814,5585.045860907928,5683.11854173923,8,us-west-2
2025-10-27,5623.0714368645395,5538.604435156158,5714.269128062229,7,us-west-2
2025-10-28,5608.817236403442,5582.654127481712,5641.030999651687,7,us-west-2
2025-10-29,5607.213901466774,5505.41042610008,5736.7816091954,9,us-west-2
2025-10-30,5569.851221575358,5425.600835945662,5739.939626146521,7,us-west-2
2025-10-31,5503.663712475971,5292.778358295598,5809.195402298848,9,us-west-2
2025-11-01,5535.910832462555,5333.310112620456,5725.577615232786,8,us-west-2
2025-11-02,5516.75374433995,5464.634854290025,5604.307442238475,8,us-west-2
2025-11-03,5418.984384070589,5333.519099036339,5482.688958551026,8,us-west-2
2025-11-04,5325.424745539686,5186.415882967605,5437.791710205502,6,us-west-2
2025-11-05,5230.367716574612,5045.059793335654,5433.855799373039,7,us-west-2
2025-11-06,5111.997852084058,4955.021479159408,5343.155694879832,8,us-west-2
2025-11-07,5096.987941815526,4973.888308371065,5263.3228840125375,7,us-west-2
2025-11-08,5128.72236320512,5023.12783002438,5269.731800766282,7,us-west-2
2025-11-09,5241.603224361844,5098.699640078949,5387.449204690582,7,us-west-2
2025-11-10,5386.963021014743,5166.213862765586,5728.921397886914,8,us-west-2
2025-11-11,5519.464762568209,5205.572971090211,5835.074886799023,8,us-west-2
2025-11-12,5499.037999037997,5222.663415766862,5854.081040287935,7,us-west-2
2025-11-13,5540.472251248111,5218.460466736326,5854.324857773132,8,us-west-2
2025-11-14,5615.468312020034,5281.342157204224,5853.1522117729,7,us-west-2
2025-11-15,5640.477572661479,5349.320794148379,5818.3908045977,6,us-west-2
2025-11-16,5558.185301288748,5423.952165331474,5708.916753744338,8,us-west-2
2025-11-17,5553.20445837687,5485.521885521884,5602.890978753046,6,us-west-2
2025-11-18,5548.108963195168,5422.175780796469,5647.3005921281765,8,us-west-2
2025-11-19,5423.490653663066,5202.80970625798,5659.619180308833,8,us-west-2
2025-11-20,5401.216184836872,5067.99024730059,5719.3892952513625,8,us-west-2
2025-11-21,5233.778396996786,4946.406594682456,5803.285730871936,3,us-west-2
2025-11-22,5347.2212546925175,4900.661790316962,5793.242772553115,6,us-west-2
2025-11-23,5292.831434210742,4762.823638685706,5691.721815859745,7,us-west-2
2025-11-24,5228.614552752483,4651.23650296064,5722.0016254499,7,us-west-2
2025-11-25,5102.327047154632,4514.094972715661,5854.95181702078,7,us-west-2
2025-11-26,5209.477920972172,4455.729710902124,5948.06687565308,6,us-west-2
2025-11-27,5261.514985652915,4361.627771972598,5935.156159294089,7,us-west-2
2025-11-28,5099.071171484963,4248.415186346219,5919.876930221756,6,us-west-2
2025-11-29,4926.08073067843,4142.133983513293,5893.138279345174,9,us-west-2
2025-11-30,5044.106085485394,4060.8150470219425,5817.6361314292335,7,us-west-2
2025-12-01,4712.210777728018,4007.488679902472,5680.552652966445,7,us-west-2
2025-12-02,4889.932162345954,4017.60130035992,5570.939277835828,7,us-west-2
2025-12-03,4754.837164750957,4064.4490885870187,5484.918146987111,8,us-west-2
2025-12-04,4834.0154417740605,4091.536050156739,5328.410542203644,8,us-west-2
2025-12-05,4654.175858198845,4160.722164170439,5178.451178451177,6,us-west-2
2025-12-06,4601.172646000231,4163.137118309531,5098.734471148263,8,us-west-2
2025-12-07,4528.767560664111,4183.699059561127,4943.84070590967,8,us-west-2
2025-12-08,4500.576647703083,4192.650644374781,4803.645651921513,9,us-west-2
2025-12-09,4418.712991988853,4211.517473586438,4682.038778590501,8,us-west-2
2025-12-11,4259.7120631603375,4228.689190758155,4290.73493556252,2,us-west-2
2025-12-12,4203.54373879278,4133.577150818529,4250.632764425866,9,us-west-2
2025-12-13,4148.76736715817,4023.011726460001,4243.074422384766,6,us-west-2
2025-12-14,4064.1472193196323,3890.3401834436304,4234.192499709739,9,us-west-2
2025-12-15,4035.257335257334,3825.4382909555316,4236.386857076511,7,us-west-2
2025-12-16,4169.064205271101,4026.8547544409603,4235.4696389179135,8,us-west-2
2025-12-17,4264.245907349355,4196.94647625682,4381.005456867525,8,us-west-2
2025-12-18,4384.304249390455,4213.9672587948435,4626.564495530011,8,us-west-2
2025-12-19,4521.351445489375,4215.05863230001,4856.078021595262,7,us-west-2
2025-12-20,4568.270347149656,4219.040984558224,4911.157552536861,8,us-west-2
2025-12-21,4556.554046209217,4263.241611517472,4879.972135144547,6,us-west-2
2025-12-22,4557.47624023486,4275.026123301984,4788.215488215487,7,us-west-2
2025-12-23,4926.713495104298,4337.002205967721,6994.357366771158,12,us-west-2
2025-12-24,5369.988284094866,4399.593637524671,6899.523975386042,11,us-west-2
2025-12-25,5246.62235380626,4476.698014629048,6655.509114129802,12,us-west-2
2025-12-26,5143.117380703586,4508.754208754207,6583.989318472075,10,us-west-2
2025-12-27,5203.126352342652,4498.188784395679,6400.232207128757,11,us-west-2
2025-12-28,5166.644501440738,4493.474979681875,6239.707419017763,11,us-west-2
2025-12-29,5116.419154977147,4490.224079879251,6141.495413909205,11,us-west-2
2025-12-30,5067.534276938663,4504.144897248344,6005.68907465459,11,us-west-2
2025-12-31,4994.812281646136,4503.912690119585,5816.254499013117,11,us-west-2
2026-01-01,4838.817643519837,4476.4309764309755,5643.097643097642,11,us-west-2
2026-01-02,4903.903759076171,4454.766051317773,5556.205735516079,13,us-west-2
2026-01-03,4767.773872476065,4375.2699407871805,5416.927899686519,11,us-west-2
2026-01-04,4600.721628307834,4262.01091373505,5298.722860791825,13,us-west-2
2026-01-05,4537.162815898447,4168.605596191802,5197.109021246951,12,us-west-2
2026-01-06,4522.243507875691,4047.8230581678845,5056.832694763727,12,us-west-2
2026-01-07,4240.768426975322,3924.1030999651675,4907.302914199464,13,us-west-2
2026-01-08,4268.123238656152,3878.404737025425,4776.036224312085,11,us-west-2
2026-01-09,4083.5336119818867,3787.008011145941,4614.385231626609,4,us-west-2
2026-01-10,4090.0417972831756,3716.266109369557,4565.67978636944,10,us-west-2
2026-01-11,4072.655675529237,3635.3303146406583,4517.2878207360955,12,us-west-2
2026-01-12,3927.5813692480347,3565.9236038546373,4390.06153488912,12,us-west-2
2026-01-13,3792.013860979377,3436.572622779518,4271.101822825959,13,us-west-2
2026-01-14,3752.3774843524047,3363.0558458144656,4166.910484151862,11,us-west-2
2026-01-15,3614.253295757997,3282.607686055961,4080.4713804713792,11,us-west-2
2026-01-16,3562.662254731219,3231.289910600254,4002.275629861836,10,us-west-2
2026-01-17,3531.1648759924615,3172.0770927667472,3943.1673052362694,13,us-west-2
2026-01-18,3476.383373969579,3140.520143968419,3823.952165331474,10,us-west-2
2026-01-19,3359.6266441094017,3047.7185649599433,3727.6210379658646,14,us-west-2
2026-01-20,3224.170440032508,2956.461163357714,3582.003947521188,10,us-west-2
2026-01-21,3186.946089244939,2900.9288285150346,3525.1944734703347,12,us-west-2
2026-01-22,3137.685106023663,2850.481829792174,3479.101358411702,11,us-west-2
2026-01-23,3043.7098255280066,2764.4258678741426,3402.2407987925217,11,us-west-2
2026-01-24,3005.7858276249067,2679.9721351445482,3377.684894926273,12,us-west-2
2026-01-25,2953.497843153015,2594.612794612794,3302.217578079646,13,us-west-2
2026-01-26,2837.5374433995116,2558.1911064669675,3206.873331011261,10,us-west-2
2026-01-27,2774.7561825148023,2450.4702194357355,3183.037269244165,12,us-west-2
2026-01-28,2719.3118928751105,2423.3600371531397,3058.85289678393,12,us-west-2
2026-01-29,2599.8748661583904,2404.261000812724,2942.586787414373,9,us-west-2
2026-01-30,2640.8500715971973,2394.984326018808,2904.353883664228,12,us-west-2
2026-01-31,2583.0524520179683,2409.6482061999295,2837.060257749912,13,us-west-2
2026-02-01,2493.929894556853,2399.0131197027745,2702.751654475792,11,us-west-2
2026-02-02,2461.084020279422,2358.4233135957265,2664.193660745384,12,us-west-2
2026-02-03,2443.3801617709655,2291.6289330082427,2633.4029954719604,12,us-west-2
2026-02-04,2412.1096017647733,2267.305236270753,2575.8852896783924,10,us-west-2
2026-02-05,2323.0385754092645,1985.0458609079294,2518.7623360037146,16,us-west-2
2026-02-06,2221.573700884045,1960.629281318936,2483.931266689887,21,us-west-2
2026-02-07,2188.654824103099,1895.7273888308364,2483.443631719493,25,us-west-2
2026-02-08,2157.5954447018908,1875.3163822129334,2494.57796354348,23,us-west-2
2026-02-09,2128.556832694763,1832.102635550911,2515.5114362010904,25,us-west-2
2026-02-10,2134.0486322495312,1784.488563798908,2521.8506908162076,23,us-west-2
2026-02-11,2038.7892720306509,1728.5266457680245,2489.7480552652955,25,us-west-2
2026-02-12,2083.591663764077,1709.6365958434917,2456.461163357714,20,us-west-2
2026-02-13,2055.8585305711736,1683.6293974225002,2429.1536050156733,21,us-west-2
2026-02-14,2034.8265261308732,1630.291419946592,2394.9262742366186,23,us-west-2
2026-02-15,2081.0358649439104,1607.8950423778006,2394.5663531870423,21,us-west-2
2026-02-16,2048.110995007546,1555.6716591199345,2407.093927783582,25,us-west-2
2026-02-17,2097.154011378149,1510.1590618831992,2426.0188087774286,24,us-west-2
2026-02-18,2119.6647773450272,1509.810751190061,2414.2807384186685,22,us-west-2
2026-02-19,2129.1167547539358,1524.1611517473582,2420.8522001625442,23,us-west-2
2026-02-20,2149.3962614652264,1560.4086845466152,2438.1980726808306,22,us-west-2
2026-02-21,2167.446671521906,1582.2129339370713,2460.0255427841626,22,us-west-2
2026-02-22,2211.6927899686516,1605.7239057239053,2467.7928712411463,20,us-west-2
