date,voll_mean,voll_min,voll_max,obs_count,ondemand_price_usd_per_hour,voll_ondemand_historical
2024-01-25,874.9625703677087,736.008803449515,1152.6230686309736,3,32.773,7359.9539587499185
2024-01-26,942.8786381602588,736.008803449515,1152.5556952928496,8,32.773,7359.9539587499185
2024-01-27,889.872664390945,736.008803449515,1139.0136543298597,8,32.773,7359.9539587499185
2024-01-28,938.3496526530124,736.008803449515,1136.4534674811355,6,32.773,7359.9539587499185
2024-01-30,933.7682656605581,736.008803449515,1115.50035932447,6,32.773,7359.9539587499185
2024-01-31,989.3961851718769,736.008803449515,1111.6376212720088,6,32.773,7359.9539587499185
2024-02-01,911.7883379247016,736.008803449515,1107.213438735178,9,32.773,7359.9539587499185
2024-02-02,924.407114624506,736.008803449515,1102.8566295364715,4,32.773,7359.9539587499185
2024-02-06,903.3237513474667,762.2170319798779,1107.8422565576716,5,32.773,7359.9539587499185
2024-02-07,834.9914660438377,762.2619475386274,1109.3244699964068,10,32.773,7359.9539587499185
2024-02-08,890.1038774376899,760.0161696011498,1107.4829320876752,11,32.773,7359.9539587499185
2024-02-09,876.7591927176908,754.5140136543299,1104.7206252245778,12,32.773,7359.9539587499185
2024-02-10,883.3277529154282,751.6394178943586,1099.3307581746317,11,32.773,7359.9539587499185
2024-02-11,856.5376637376278,753.0542579949695,1093.8735177865613,11,32.773,7359.9539587499185
2024-02-12,895.508444125045,754.7385914480776,1091.51545095221,10,32.773,7359.9539587499185
2024-02-13,855.7067259007613,756.2208048868129,1083.385734818541,11,32.773,7359.9539587499185
2024-02-14,866.9117443821001,758.9381961911606,1080.4662234998202,13,32.773,7359.9539587499185
2024-02-15,873.4104882820297,762.0149119655049,1074.1555874955086,9,32.773,7359.9539587499185
2024-02-16,869.4909339672187,764.1708587854832,1071.6178584261588,13,32.773,7359.9539587499185
2024-02-17,888.1725084114591,772.592526051024,1066.093244699964,11,32.773,7359.9539587499185
2024-02-18,868.5464508542123,784.1582824290334,1062.4101688825008,11,32.773,7359.9539587499185
2024-02-19,879.8602377530243,787.8413582464967,1053.090190441969,12,32.773,7359.9539587499185
2024-02-20,879.2332914121453,793.0291052820697,1037.1451670858785,12,32.773,7359.9539587499185
2024-02-21,857.6643218441639,796.6448077614085,1030.3404599353216,13,32.773,7359.9539587499185
2024-02-22,849.5867768595042,798.8905856988862,1021.4696370822853,10,32.773,7359.9539587499185
2024-02-23,872.2197269134028,803.3821415738413,1014.4852676967301,10,32.773,7359.9539587499185
2024-02-24,882.5356057883906,807.0876751706792,1000.5389867049946,11,32.773,7359.9539587499185
2024-02-25,882.4204246017488,810.4787998562703,1006.4902982393102,12,32.773,7359.9539587499185
2024-02-26,885.0592136782849,815.2623068630974,1007.9949694574202,12,32.773,7359.9539587499185
2024-02-27,879.7498203377651,821.6403162055336,1012.3293208767517,12,32.773,7359.9539587499185
2024-02-28,895.2519263784086,824.6272008623788,1008.8483650736616,9,32.773,7359.9539587499185
2024-02-29,892.320130462423,826.4911965504851,1004.603844771829,13,32.773,7359.9539587499185
2024-03-01,902.136483411187,830.4662234998204,1010.8246496586419,9,32.773,7359.9539587499185
2024-03-02,924.553090190442,833.206072583543,1028.9256198347107,12,32.773,7359.9539587499185
2024-03-03,911.0582105641395,836.7319439453827,1038.0434782608697,10,32.773,7359.9539587499185
2024-03-09,964.2668657923105,879.9182536830758,1073.6615163492634,8,32.773,7359.9539587499185
2024-03-10,954.3782688545535,880.8165648580668,1077.6814588573482,9,32.773,7359.9539587499185
2024-03-11,983.0586678861921,890.2712899748473,1082.5547969816746,11,32.773,7359.9539587499185
2024-03-12,996.7885375494071,900.893819619116,1090.1904419690982,13,32.773,7359.9539587499185
2024-03-13,995.150847176539,909.405318002156,1097.8710025152714,13,32.773,7359.9539587499185
2024-03-14,1012.1676248652533,917.8494430470715,1102.205353934603,10,32.773,7359.9539587499185
2024-03-15,989.4448436938557,927.910528206971,1104.6757096658282,9,32.773,7359.9539587499185
2024-03-16,1015.1758444125045,938.4656845131153,1113.5240747394898,12,32.773,7359.9539587499185
2024-03-17,1014.6020481494791,945.5174272367949,1117.1622349982033,10,32.773,7359.9539587499185
2024-03-18,1027.0560097017608,954.4556234279555,1120.9575997125403,12,32.773,7359.9539587499185
2024-03-19,1017.0746496586419,964.3370463528565,1122.6868487243983,10,32.773,7359.9539587499185
2024-03-20,1032.432776380405,968.3794466403164,1126.8639956881063,12,32.773,7359.9539587499185
2024-03-21,1057.2673374056774,975.9252605102408,1134.6119295724038,11,32.773,7359.9539587499185
2024-03-22,1034.4577194873639,983.6731943945382,1138.3848365073661,12,32.773,7359.9539587499185
2024-03-23,1049.0522817103845,992.4766439094502,1143.3704635285662,10,32.773,7359.9539587499185
2024-03-24,1044.2822493711824,1005.5695292849443,1146.7391304347827,10,32.773,7359.9539587499185
2024-03-25,1051.8145885734818,1014.6649299317282,1160.707869205893,10,32.773,7359.9539587499185
2024-03-26,1074.4509936703614,1020.3242903341719,1174.6766079770032,13,32.773,7359.9539587499185
2024-03-27,1086.752530243143,1026.9717930291054,1187.4550844412504,12,32.773,7359.9539587499185
2024-03-28,1110.1145755071375,1033.4396334890407,1201.8280632411067,11,32.773,7359.9539587499185
2024-03-29,1098.8608723292518,1038.0883938196191,1216.0438375853396,13,32.773,7359.9539587499185
2024-03-30,1103.9143909450233,1044.3316564858067,1227.7667984189723,10,32.773,7359.9539587499185
2024-03-31,1096.6008903261868,1048.913043478261,1234.593963348904,9,32.773,7359.9539587499185
2024-04-01,1119.295724038807,1053.0452748832197,1258.2420050305425,13,32.773,7359.9539587499185
2024-04-02,1141.020563159442,1058.6597197269136,1267.5395256916997,11,32.773,7359.9539587499185
2024-04-03,1138.368503576912,1063.3758533956163,1278.5662953647145,11,32.773,7359.9539587499185
2024-04-04,1149.7830233008099,1065.9584980237155,1291.4795185052103,13,32.773,7359.9539587499185
2024-04-05,1178.3215055695293,1069.9335249730507,1302.0571325907295,10,32.773,7359.9539587499185
2024-04-06,1169.9080728230927,1076.6933165648582,1310.501257635645,12,32.773,7359.9539587499185
2024-04-07,1174.7305066475026,1084.7781171397774,1321.5504850880345,10,32.773,7359.9539587499185
2024-04-08,1181.4302747198903,1091.6726554078332,1339.090010779734,11,32.773,7359.9539587499185
2024-04-09,1195.0637800934244,1097.9832914121453,1360.492274523895,10,32.773,7359.9539587499185
2024-04-10,1229.4143827785583,1103.3057851239669,1377.8745957599713,11,32.773,7359.9539587499185
2024-04-11,1209.108126721763,1108.2464965864176,1390.8551922385916,12,32.773,7359.9539587499185
2024-04-12,1255.2257525083612,1117.027488321955,1404.6667265540784,13,32.773,7359.9539587499185
2024-04-13,1243.9934077779928,1122.8440531800215,1421.8693855551562,13,32.773,7359.9539587499185
2024-04-14,1266.4222511678047,1127.784764642472,1439.7682357168524,12,32.773,7359.9539587499185
2024-04-15,1254.3455803090192,1139.0585698886096,1444.821236076177,10,32.773,7359.9539587499185
2024-04-16,1280.0750498154378,1144.8077614085519,1454.9272367948258,11,32.773,7359.9539587499185
2024-04-17,1288.7583842376332,1160.0790513833992,1461.9565217391305,12,32.773,7359.9539587499185
2024-04-18,1306.6310336567255,1172.8799856270211,1469.0531800215597,12,32.773,7359.9539587499185
2024-04-19,1275.0329380764165,1179.8418972332015,1476.4417894358608,9,32.773,7359.9539587499185
2024-04-20,1319.3496227093065,1192.9572403880704,1482.9545454545455,13,32.773,7359.9539587499185
2024-04-21,1324.9354849247052,1211.103126122889,1491.3537549407115,11,32.773,7359.9539587499185
2024-04-22,1343.6624146604386,1224.8922026590012,1494.2508084800575,10,32.773,7359.9539587499185
2024-04-23,1348.1311384596959,1231.1579231045635,1505.5470715055696,12,32.773,7359.9539587499185
2024-04-24,1366.7617379326866,1249.3262666187568,1515.1365432985988,12,32.773,7359.9539587499185
2024-04-25,1381.854435090601,1259.3424362199066,1524.5463528566295,14,32.773,7359.9539587499185
2024-04-26,1366.0992334411305,1265.7878189004673,1528.004850880345,12,32.773,7359.9539587499185
2024-04-27,1402.7218828602229,1279.5768954365794,1535.415918074021,10,32.773,7359.9539587499185
2024-04-28,1399.655433499307,1287.0104204096301,1548.1494789795186,14,32.773,7359.9539587499185
2024-04-29,1421.50107797341,1299.8787279913763,1564.6784045993534,10,32.773,7359.9539587499185
2024-04-30,1392.8277338603427,1306.4363995688109,1575.6602587136183,12,32.773,7359.9539587499185
2024-05-01,1436.187083667321,1312.6796622349984,1593.8286022278119,13,32.773,7359.9539587499185
2024-05-02,1412.6616960114984,1317.912324829321,1606.5397053539346,8,32.773,7359.9539587499185
2024-05-03,1447.979616502793,1323.9759252605104,1627.4254401724759,11,32.773,7359.9539587499185
2024-05-04,1427.3266259432269,1327.411965504851,1642.0679123248294,12,32.773,7359.9539587499185
2024-05-05,1443.8349652653014,1332.5323392023,1662.9311893639958,12,32.773,7359.9539587499185
2024-05-06,1514.0463201907687,1340.9764642472153,1688.5779734099895,11,32.773,7359.9539587499185
2024-05-07,1458.7581596598395,1346.5459935321596,1698.9085519223859,12,32.773,7359.9539587499185
2024-05-08,1492.1352856629537,1354.6532518864535,1708.8573481854116,10,32.773,7359.9539587499185
2024-05-09,1504.161599270295,1357.999461013295,1723.9489759252606,13,32.773,7359.9539587499185
2024-05-15,1520.7884177745839,1403.3417175709667,1838.0344951491197,6,32.773,7359.9539587499185
2024-05-16,1628.7167624865256,1412.1676248652534,1862.7155946819978,10,32.773,7359.9539587499185
2024-05-17,1596.5841717570968,1416.7265540783328,1880.8839381961911,10,32.773,7359.9539587499185
2024-05-18,1648.603126122889,1422.49820337765,1903.1620553359683,13,32.773,7359.9539587499185
2024-05-19,1660.2464639205566,1428.4270571325908,1917.737154150198,11,32.773,7359.9539587499185
2024-05-20,1614.1135914480776,1435.5910887531443,1926.2261947538627,12,32.773,7359.9539587499185
2024-05-21,1674.6398588834809,1453.422565576716,1942.193675889328,11,32.773,7359.9539587499185
2024-05-22,1662.0845310815669,1467.5485088034495,1953.1306144448436,10,32.773,7359.9539587499185
2024-05-23,1681.6909210683916,1483.313869924542,1965.033237513475,12,32.773,7359.9539587499185
2024-05-24,1683.382059909189,1495.912684153791,1970.220984549048,11,32.773,7359.9539587499185
2024-05-25,1694.9896694214876,1511.116600790514,1976.3744160977362,12,32.773,7359.9539587499185
2024-05-26,1753.7708653186555,1526.904419690981,1986.210923463888,11,32.773,7359.9539587499185
2024-05-27,1737.1725247443899,1539.4583183614805,1998.4728710025154,11,32.773,7359.9539587499185
2024-05-28,1738.2994969457422,1562.6347466762486,2008.309378368667,11,32.773,7359.9539587499185
2024-05-29,1772.8676338483654,1581.1848724398133,2020.8408192597917,12,32.773,7359.9539587499185
2024-05-30,1801.3976905236339,1598.3426158821417,2029.711642112828,11,32.773,7359.9539587499185
2024-05-31,1770.7305719792246,1607.011318720805,2036.4714337046353,11,32.773,7359.9539587499185
2024-06-01,1813.4525841418135,1621.7660797700323,2045.1625943226734,12,32.773,7359.9539587499185
2024-06-02,1816.7567699996735,1624.4385555156307,2054.5724038807043,11,32.773,7359.9539587499185
2024-06-03,1804.114265181459,1633.803449514912,2060.4563420768955,10,32.773,7359.9539587499185
2024-06-04,1851.402056441582,1654.1277398490838,2068.8330937836868,13,32.773,7359.9539587499185
2024-06-05,1828.2384117858426,1670.4545454545455,2076.2217031979876,10,32.773,7359.9539587499185
2024-06-06,1833.4041093653025,1685.4787998562701,2079.00646784046,11,32.773,7359.9539587499185
2024-06-07,1870.8616437461212,1699.4475386273807,2089.202299676608,11,32.773,7359.9539587499185
2024-06-08,1856.274295234051,1716.313330937837,2096.8604024434067,11,32.773,7359.9539587499185
2024-06-09,1906.428798474253,1737.1541501976285,2107.9545454545455,13,32.773,7359.9539587499185
2024-06-22,2101.823571685232,2029.711642112828,2204.073841178584,3,32.773,7359.9539587499185
2024-06-23,2127.859623907055,2029.711642112828,2191.0707869205894,9,32.773,7359.9539587499185
2024-06-24,2142.2400886333694,2018.2132590729432,2196.909809558031,6,32.773,7359.9539587499185
2024-06-25,2136.758251629793,2006.7148760330579,2226.48670499461,7,32.773,7359.9539587499185
2024-06-26,2144.2381504589557,2028.4764642472155,2260.7572763205176,11,32.773,7359.9539587499185
2024-06-27,2135.0111789835114,2052.7757815307223,2256.849622709307,9,32.773,7359.9539587499185
2024-06-28,2160.5461731943947,2064.296622349982,2266.3941789435858,10,32.773,7359.9539587499185
2024-06-29,2151.464888866075,2052.820697089472,2232.438016528926,7,32.773,7359.9539587499185
2024-06-30,2168.3884297520663,2064.296622349982,2223.2977003233923,5,32.773,7359.9539587499185
2024-07-01,2130.9088912843854,2047.093963348904,2215.684513115343,9,32.773,7359.9539587499185
2024-07-02,2058.52946460654,1960.721343873518,2151.9044196909813,10,32.773,7359.9539587499185
2024-07-03,2016.7961731943947,1923.2842256557672,2099.196011498383,10,32.773,7359.9539587499185
2024-07-04,1978.6271041211753,1832.4649658641752,2089.0226374416097,13,32.773,7359.9539587499185
2024-07-05,1978.9862558390225,1804.2355371900826,2080.7357168523176,10,32.773,7359.9539587499185
2024-07-06,2014.3418834130296,1782.3392022996766,2132.0292849443044,13,32.773,7359.9539587499185
2024-07-07,1983.5814917954247,1704.0064678404601,2175.305425799497,12,32.773,7359.9539587499185
2024-07-08,1957.8392621870883,1650.0404240028747,2151.118397412864,3,32.773,7359.9539587499185
2024-07-09,1988.7224517906336,1658.4620912684154,2164.4358605821058,12,32.773,7359.9539587499185
2024-07-10,2018.1638519583182,1716.9421487603306,2178.9435860582107,10,32.773,7359.9539587499185
2024-07-11,2012.4736923155895,1751.2800934243621,2174.0702479338843,14,32.773,7359.9539587499185
2024-07-12,2031.5695129520138,1857.595220984549,2178.0901904419693,11,32.773,7359.9539587499185
2024-07-13,2061.3036128442163,1947.4038807042762,2215.123068630974,11,32.773,7359.9539587499185
2024-07-14,2041.3741396942978,1888.4971254042403,2258.915738411786,13,32.773,7359.9539587499185
2024-07-15,2091.915199425081,1853.799856270212,2329.9496945742007,10,32.773,7359.9539587499185
2024-07-16,2165.1926877470355,1848.7693136902626,2416.8388429752067,10,32.773,7359.9539587499185
2024-07-17,2249.2499101688827,1850.0269493352498,2542.3329141214517,10,32.773,7359.9539587499185
2024-07-18,2264.648597001274,1837.6751706791233,2622.641933165649,11,32.773,7359.9539587499185
2024-07-19,2325.300934243622,1820.02335609055,2654.1951131872083,9,32.773,7359.9539587499185
2024-07-20,2218.608515989939,1825.7276320517428,2708.430650377291,10,32.773,7359.9539587499185
2024-07-21,2273.4259591967107,1821.1013295005391,2714.8535752784765,9,32.773,7359.9539587499185
2024-07-22,2261.0537190082646,1825.1437297879988,2795.095220984549,10,32.773,7359.9539587499185
2024-07-23,2490.6940576715774,1802.2817103844773,2829.8598634567015,8,32.773,7359.9539587499185
2024-07-24,2333.535453347706,1802.2817103844773,2863.277039166367,9,32.773,7359.9539587499185
2024-07-25,2276.4368895567245,1798.890585698886,2815.5542579949697,11,32.773,7359.9539587499185
2024-07-26,2326.2931597687257,1802.910528206971,2967.8853754940715,11,32.773,7359.9539587499185
2024-07-27,2432.0652173913045,1857.595220984549,3103.8672296083364,10,32.773,7359.9539587499185
2024-07-28,2340.1182562496792,1885.8471074380166,3168.0515630614445,14,32.773,7359.9539587499185
2024-07-29,2423.921681085713,1908.5070068271652,3116.8702838663316,13,32.773,7359.9539587499185
2024-07-30,2333.585609054977,1933.2554796981674,3082.8692058929214,10,32.773,7359.9539587499185
2024-07-31,2410.539435860582,1997.7093065037732,3028.004850880345,12,32.773,7359.9539587499185
2024-08-01,2475.9701760689904,2014.395436579231,2987.2664390945024,11,32.773,7359.9539587499185
2024-08-02,2402.0709815546775,2075.503054257995,2940.397053539346,12,32.773,7359.9539587499185
2024-08-03,2491.1230522980436,2113.905856988861,2896.7840459935323,11,32.773,7359.9539587499185
2024-08-04,2444.0277278716017,2159.315486884657,2934.7376931369026,12,32.773,7359.9539587499185
2024-08-05,2489.480776140855,2187.1631333093787,2939.655946819979,10,32.773,7359.9539587499185
2024-08-06,2531.736585219787,2194.012756018685,2915.918074020841,12,32.773,7359.9539587499185
2024-08-07,2573.670499461013,2222.8710025152714,2935.99532878189,15,32.773,7359.9539587499185
2024-08-08,2584.3759187273386,2255.7491915199425,2914.03162055336,11,32.773,7359.9539587499185
2024-08-09,2613.0996227093065,2261.722960833633,2927.2592526051026,10,32.773,7359.9539587499185
2024-08-10,2549.6949825237643,2267.517067912325,2918.815127560187,11,32.773,7359.9539587499185
2024-08-11,2564.0888878907654,2291.928674092706,2899.815846209127,12,32.773,7359.9539587499185
2024-08-12,2607.0154019534184,2342.885375494071,2812.589831117499,11,32.773,7359.9539587499185
2024-08-13,2563.8343663911846,2327.4793388429753,2839.53916636723,12,32.773,7359.9539587499185
2024-08-14,2600.7905138339925,2367.4991016888252,2927.820697089472,13,32.773,7359.9539587499185
2024-08-15,2571.2360761767877,2386.0492274523895,2912.0777937477546,12,32.773,7359.9539587499185
2024-08-16,2628.894553239909,2350.4311893639956,2903.2518864534677,12,32.773,7359.9539587499185
2024-08-17,2650.676727751827,2375.808480057492,2916.8837585339566,15,32.773,7359.9539587499185
2024-08-18,2576.291883758534,2414.593065037729,2901.7696730147322,8,32.773,7359.9539587499185
2024-08-19,2654.655497664391,2434.4681997844054,2923.306683435142,10,32.773,7359.9539587499185
2024-08-20,2638.833992094862,2428.202479338843,2935.905497664391,12,32.773,7359.9539587499185
2024-08-21,2652.9767786561265,2424.7439813151277,2948.1674452030184,12,32.773,7359.9539587499185
2024-08-22,2663.2455982752426,2442.9796981674453,2917.6697808120734,12,32.773,7359.9539587499185
2024-08-23,2691.152196370823,2463.3039885016174,2923.0596478620196,8,32.773,7359.9539587499185
2024-08-24,2679.67720685112,2493.4647862019406,2876.100431189364,12,32.773,7359.9539587499185
2024-08-25,2667.1856909011058,2517.382321236076,2882.208947179303,9,32.773,7359.9539587499185
2024-08-26,2695.1805605461736,2483.5384477182897,2942.5754581386996,12,32.773,7359.9539587499185
2024-08-27,2680.0140735417417,2481.202838663313,2928.00035932447,9,32.773,7359.9539587499185
2024-08-28,2640.6193855551564,2509.1627739849087,2876.212720086238,14,32.773,7359.9539587499185
2024-08-29,2677.07771888849,2518.033596837945,2896.9412504491556,12,32.773,7359.9539587499185
2024-08-30,2654.908147682357,2495.2614085519226,2924.901185770751,12,32.773,7359.9539587499185
2024-08-31,2657.2303684457834,2501.8864534674813,2911.8307581746317,13,32.773,7359.9539587499185
2024-09-01,2618.4329710144925,2484.8409989220268,2856.404958677686,12,32.773,7359.9539587499185
2024-09-02,2576.2865812272926,2453.512396694215,2864.197808120733,9,32.773,7359.9539587499185
2024-09-03,2613.634636114873,2476.396873877111,2883.3542939274166,13,32.773,7359.9539587499185
2024-09-04,2632.52335609055,2494.430470715056,2899.883219547251,10,32.773,7359.9539587499185
2024-09-05,2662.01042040963,2486.907114624506,2910.9549047790156,13,32.773,7359.9539587499185
2024-09-06,2647.163582464966,2516.6412145167087,2909.899389148401,10,32.773,7359.9539587499185
2024-09-07,2679.9467002036176,2527.915019762846,2933.345310815667,12,32.773,7359.9539587499185
2024-09-08,2707.397592526051,2511.4534674811357,2931.7957240388073,9,32.773,7359.9539587499185
2024-09-09,2659.813300994131,2505.1428314768236,2917.490118577075,12,32.773,7359.9539587499185
2024-09-10,2643.660543178824,2469.5472511678045,2935.591088753144,12,32.773,7359.9539587499185
2024-09-11,2609.319978440532,2462.405677326626,2870.6431908012937,10,32.773,7359.9539587499185
2024-09-12,2643.195983858039,2450.5479698167446,2827.4793388429753,13,32.773,7359.9539587499185
2024-09-13,2579.47808120733,2435.2766798418975,2852.8341717570966,11,32.773,7359.9539587499185
2024-09-14,2607.444926614887,2425.7321236076177,2843.446819978441,13,32.773,7359.9539587499185
2024-09-15,2580.2681867180613,2405.497664390945,2867.319439453827,11,32.773,7359.9539587499185
2024-09-16,2468.3700892322436,2313.4881422924905,2822.2691340280276,12,32.773,7359.9539587499185
2024-09-17,2409.3413997070124,2177.0795903701046,2796.712181099533,13,32.773,7359.9539587499185
2024-09-18,2398.3044376572043,2146.110312612289,2749.9326266618755,10,32.773,7359.9539587499185
2024-09-19,2374.319529284944,2162.100251527129,2674.47448796263,10,32.773,7359.9539587499185
2024-09-20,2308.1836148041684,2158.9561624146604,2628.5707869205894,10,32.773,7359.9539587499185
2024-09-21,2296.9694247541897,2129.783507006827,2569.5068271649297,11,32.773,7359.9539587499185
2024-09-22,2291.136235306196,2140.9674811354657,2514.6873877111034,7,32.773,7359.9539587499185
2024-09-23,2288.436489399928,2135.3754940711465,2400.0404240028747,8,32.773,7359.9539587499185
2024-09-24,2198.58451824855,2140.9674811354657,2309.041501976285,7,32.773,7359.9539587499185
2024-09-25,2205.2107662594326,2163.8744160977367,2280.8794466403165,8,32.773,7359.9539587499185
2024-09-26,2220.35981445791,2173.5761767876393,2267.584441250449,11,32.773,7359.9539587499185
2024-09-27,2249.9887711103124,2204.837405677327,2294.2642831476824,12,32.773,7359.9539587499185
2024-09-28,2248.426083962151,2221.3438735177865,2291.5468918433344,12,32.773,7359.9539587499185
2024-09-29,2232.566025871362,2174.407114624506,2291.726554078333,10,32.773,7359.9539587499185
2024-09-30,2200.8006198347107,2169.399029823931,2269.740388070428,4,32.773,7359.9539587499185
2024-10-01,2229.698167445203,2169.399029823931,2269.807761408552,6,32.773,7359.9539587499185
2024-10-02,2215.0512037369745,2174.9236435501257,2233.628278835789,5,32.773,7359.9539587499185
2024-10-03,2218.2414917098713,2174.9236435501257,2263.4971254042403,7,32.773,7359.9539587499185
2024-10-04,2195.903701042041,2182.9410707869206,2208.00395256917,5,32.773,7359.9539587499185
2024-10-05,2183.438350187362,2151.4552641034857,2204.837405677327,7,32.773,7359.9539587499185
2024-10-06,2172.851913402803,2151.432806324111,2196.99964067553,4,32.773,7359.9539587499185
2024-10-07,2176.400242544017,2153.0497664390946,2196.99964067553,4,32.773,7359.9539587499185
2024-10-08,2183.6821775062886,2149.97305066475,2197.0220984549046,6,32.773,7359.9539587499185
2024-10-09,2187.8892681758293,2175.103305785124,2197.0220984549046,3,32.773,7359.9539587499185
2024-10-10,2190.172475745598,2175.103305785124,2197.0220984549046,4,32.773,7359.9539587499185
2024-10-11,2187.8892681758293,2175.103305785124,2197.0220984549046,3,32.773,7359.9539587499185
2024-10-12,2167.9420813869924,2114.9613726194757,2201.221703197988,8,32.773,7359.9539587499185
2024-10-13,2101.0760484574716,2042.2655407833274,2175.103305785124,7,32.773,7359.9539587499185
2024-10-14,2080.1203736974485,1932.2673374056772,2175.103305785124,10,32.773,7359.9539587499185
2024-10-15,2027.2001137860823,1869.8122529644272,2180.583003952569,6,32.773,7359.9539587499185
2024-10-16,2128.2403367383604,1870.4859863456704,2189.8131512756017,7,32.773,7359.9539587499185
2024-10-17,2076.217211642113,1870.4859863456704,2203.130614444844,10,32.773,7359.9539587499185
2024-10-18,2169.1950383279436,1964.090010779734,2280.1158821415743,12,32.773,7359.9539587499185
2024-10-19,2193.273520780932,2006.6250449155589,2318.226733740568,12,32.773,7359.9539587499185
2024-10-20,2181.0074559827526,2045.1401365432987,2320.292849443047,10,32.773,7359.9539587499185
2024-10-21,2199.3913941789438,2084.531081566655,2317.3284225655766,10,32.773,7359.9539587499185
2024-10-22,2190.609381635253,2087.967121810995,2328.804347826087,11,32.773,7359.9539587499185
2024-10-23,2245.3018325547973,2108.583363277039,2323.8636363636365,10,32.773,7359.9539587499185
2024-10-24,2221.3275405873324,2088.0794107078696,2335.5865971972694,11,32.773,7359.9539587499185
2024-10-25,2213.4319978440535,2088.50610851599,2335.429392741646,10,32.773,7359.9539587499185
2024-10-26,2205.4830668343516,2046.6672655407835,2316.632231404959,12,32.773,7359.9539587499185
2024-10-27,2166.670409629896,2028.0048508803452,2274.2544017247574,12,32.773,7359.9539587499185
2024-10-28,2113.3945106277124,1878.7729069349623,2266.1696011498384,13,32.773,7359.9539587499185
2024-10-29,2168.268654928734,1860.5596478620196,2262.845849802372,9,32.773,7359.9539587499185
2024-10-30,2175.773296203138,1860.5596478620196,2269.1340280273084,6,32.773,7359.9539587499185
2024-10-31,2010.6025671737136,1846.523535752785,2227.4523895077255,9,32.773,7359.9539587499185
2024-11-02,2008.8595939633492,1846.5684513115345,2171.1507366151636,2,32.773,7359.9539587499185
2024-11-03,1961.8592046951733,1846.5684513115345,2179.4376572044557,6,32.773,7359.9539587499185
2024-11-04,2060.1169800774546,1830.8030901904422,2187.9042400287462,9,32.773,7359.9539587499185
2024-11-05,2028.1665468918432,1812.4326266618757,2182.98598634567,10,32.773,7359.9539587499185
2024-11-06,2044.5766504426224,1806.413941789436,2210.204814947898,11,32.773,7359.9539587499185
2024-11-07,1994.8178674092705,1767.202659001078,2214.1573841178583,8,32.773,7359.9539587499185
2024-11-08,2017.3710923463889,1738.5689902982394,2195.4500538986704,8,32.773,7359.9539587499185
2024-11-09,1916.36402135414,1729.5858785483292,2164.9299317283508,7,32.773,7359.9539587499185
2024-11-10,2005.3084575997127,1730.2371541501977,2182.738950772548,8,32.773,7359.9539587499185
2024-11-11,1966.1870059288538,1741.219008264463,2212.4955084441253,8,32.773,7359.9539587499185
2024-11-12,2054.392741645706,1741.219008264463,2210.3620194035216,10,32.773,7359.9539587499185
2024-11-13,1986.93919716647,1769.4259791591808,2169.5786920589294,7,32.773,7359.9539587499185
2024-11-14,2018.4460033319178,1769.3810636004314,2169.5562342795547,11,32.773,7359.9539587499185
2024-11-15,1988.5433242646684,1779.823931009702,2158.619295724039,7,32.773,7359.9539587499185
2024-11-16,2006.0539756686,1780.1383399209485,2180.583003952569,7,32.773,7359.9539587499185
2024-11-17,2038.4701760689904,1834.216672655408,2191.5424002874597,8,32.773,7359.9539587499185
2024-11-18,2088.0794107078696,1948.2797340998923,2181.930470715056,7,32.773,7359.9539587499185
2024-11-19,2104.8609863456704,2014.1708587854835,2180.5605461731943,8,32.773,7359.9539587499185
2024-11-20,2168.8504183563473,2153.206970894718,2180.605461731944,7,32.773,7359.9539587499185
2024-11-21,2174.0298239310096,2158.686669062163,2180.605461731944,5,32.773,7359.9539587499185
2024-11-22,2168.475052615369,2153.206970894718,2180.605461731944,7,32.773,7359.9539587499185
2024-11-23,2175.133249490957,2169.668523176428,2180.605461731944,3,32.773,7359.9539587499185
2024-11-24,2175.1313780093424,2169.668523176428,2180.605461731944,4,32.773,7359.9539587499185
2024-11-25,2175.125763564499,2175.125763564499,2175.125763564499,1,32.773,7359.9539587499185
2024-11-26,2177.8768415379086,2164.1888250089833,2191.5648580668344,4,32.773,7359.9539587499185
2024-11-27,2178.831297161337,2158.709126841538,2197.0445562342798,8,32.773,7359.9539587499185
2024-11-28,2170.7599712540423,2158.709126841538,2197.0445562342798,5,32.773,7359.9539587499185
2024-11-29,2182.5323392022997,2164.1888250089833,2202.5242544017246,5,32.773,7359.9539587499185
2024-11-30,2177.3445921667267,2169.668523176428,2191.5648580668344,5,32.773,7359.9539587499185
2024-12-01,2179.5050305425802,2175.1706791232486,2186.1076176787637,4,32.773,7359.9539587499185
2024-12-02,2174.2499101688827,2158.7315846209126,2186.1076176787637,6,32.773,7359.9539587499185
2024-12-03,2122.167111544582,2059.333453108157,2175.1706791232486,7,32.773,7359.9539587499185
2024-12-04,2100.7770391663676,2010.9593963348905,2186.1076176787637,5,32.773,7359.9539587499185
2024-12-05,2101.902173913044,2012.127200862379,2186.242364355013,4,32.773,7359.9539587499185
2024-12-06,2049.3147881981877,2006.6924182536832,2186.242364355013,9,32.773,7359.9539587499185
2024-12-07,2102.5272487723078,2012.127200862379,2199.784405318002,9,32.773,7359.9539587499185
2024-12-08,2170.08118487244,2012.127200862379,2336.417535034136,8,32.773,7359.9539587499185
2024-12-09,2279.7958587854832,1995.8003952569172,2464.381961911606,8,32.773,7359.9539587499185
2024-12-10,2340.063181219308,2039.1663672296083,2602.7443406395973,9,32.773,7359.9539587499185
2024-12-11,2328.215954006468,2045.1401365432987,2674.654150197629,5,32.773,7359.9539587499185
2024-12-12,2337.060388968739,2007.1640316205535,2667.108336327704,8,32.773,7359.9539587499185
2024-12-13,2245.131844440145,2001.0555156306143,2681.6385195831836,13,32.773,7359.9539587499185
2024-12-14,2529.0659809558033,2049.946101329501,2863.2321236076177,8,32.773,7359.9539587499185
2024-12-15,2639.375474108676,2049.946101329501,3061.085159899389,9,32.773,7359.9539587499185
2024-12-16,2650.2375533996087,2049.946101329501,3208.6776859504134,9,32.773,7359.9539587499185
2024-12-17,2443.1124032273874,2067.2610492274525,3076.5361121092346,11,32.773,7359.9539587499185
2024-12-18,2423.299197508684,2089.5391663672294,2839.4044196909813,12,32.773,7359.9539587499185
2024-12-19,2391.2104334759747,2105.3943586058213,2772.8171038447717,11,32.773,7359.9539587499185
2024-12-20,2402.454635285663,2116.5558749550846,2751.235177865613,12,32.773,7359.9539587499185
2024-12-21,2471.7050694693976,2153.835788717212,2724.9595759971253,12,32.773,7359.9539587499185
2024-12-22,2498.813480656366,2305.7402084081928,2730.102407473949,12,32.773,7359.9539587499185
2024-12-23,2546.8326364616337,2370.845310815667,2710.406934962271,11,32.773,7359.9539587499185
2024-12-24,2573.3695652173915,2478.55282069709,2718.693855551563,11,32.773,7359.9539587499185
2024-12-25,2642.560255949584,2454.882321236076,2761.722960833633,13,32.773,7359.9539587499185
2024-12-26,2662.220026350461,2489.3550125763563,2782.0472511678045,12,32.773,7359.9539587499185
2024-12-27,2675.3971283986107,2493.7567373338125,2798.3515989938915,12,32.773,7359.9539587499185
2024-12-28,2697.201760689903,2521.3348904060367,2809.670319798778,10,32.773,7359.9539587499185
2024-12-29,2698.286644185854,2545.6566654689186,2792.579949694574,13,32.773,7359.9539587499185
2024-12-30,2681.636273805246,2554.302910528207,2810.411426518146,10,32.773,7359.9539587499185
2024-12-31,2717.1728514029987,2615.6800215594685,2816.475026949335,11,32.773,7359.9539587499185
2025-01-01,2715.6355143239803,2577.097556593604,2814.296622349982,11,32.773,7359.9539587499185
2025-01-02,2715.5812073302195,2573.728889687388,2835.9683794466405,10,32.773,7359.9539587499185
2025-01-03,2749.1166606779257,2567.777578153072,2859.7736255839022,9,32.773,7359.9539587499185
2025-01-04,2753.880013267365,2583.8573481854114,2871.1372619475387,13,32.773,7359.9539587499185
2025-01-05,2744.346764446477,2607.707509881423,2849.6451670858787,11,32.773,7359.9539587499185
2025-01-06,2754.3874334433085,2579.343334531082,2866.9376572044557,11,32.773,7359.9539587499185
2025-01-07,2748.517786561265,2614.624505928854,2867.7685950413224,10,32.773,7359.9539587499185
2025-01-08,2773.7868715905006,2642.8090190441967,2881.0860582105643,11,32.773,7359.9539587499185
2025-01-09,2806.614190322194,2672.632950053899,2925.8668702838663,12,32.773,7359.9539587499185
2025-01-10,2801.793764087153,2668.6803808839386,2910.7752425440176,11,32.773,7359.9539587499185
2025-01-11,2749.408611809798,2672.5880344951493,2841.6501976284585,12,32.773,7359.9539587499185
2025-01-12,2766.8474177636954,2659.4951491196553,2842.3463887890766,11,32.773,7359.9539587499185
2025-01-13,2819.8633444125044,2664.009162773985,2876.7517067912327,8,32.773,7359.9539587499185
2025-01-14,2788.5993083003955,2652.0616241466046,2886.745418613008,12,32.773,7359.9539587499185
2025-01-15,2759.4073142492116,2591.2908731584625,2848.499820337765,9,32.773,7359.9539587499185
2025-01-16,2757.5252275721646,2600.1616960114984,2871.2046352856632,12,32.773,7359.9539587499185
2025-01-17,2769.6797520661157,2619.8347107438017,2864.6245059288535,10,32.773,7359.9539587499185
2025-01-18,2731.1976560988414,2594.3451311534313,2835.451850521021,13,32.773,7359.9539587499185
2025-01-19,2692.8725918350424,2545.9710743801656,2765.5632411067195,13,32.773,7359.9539587499185
2025-01-20,2696.4224757455986,2552.7982393100974,2761.071685231764,10,32.773,7359.9539587499185
2025-01-21,2664.7312667569586,2547.0490477901544,2774.7260150916277,13,32.773,7359.9539587499185
2025-01-22,2717.4936120094226,2584.014552641035,2810.905497664391,9,32.773,7359.9539587499185
2025-01-23,2695.4425679722126,2582.8467481135467,2814.408911246856,9,32.773,7359.9539587499185
2025-01-24,2653.521379805965,2559.53557312253,2818.7881782249374,12,32.773,7359.9539587499185
2025-01-25,2679.8766047104173,2533.5743801652893,2837.922206252246,11,32.773,7359.9539587499185
2025-01-26,2643.3861839741285,2473.05066475027,2830.1742723679486,10,32.773,7359.9539587499185
2025-01-27,2604.6612725219447,2431.616061803809,2776.9044196909813,14,32.773,7359.9539587499185
2025-01-28,2553.964002221279,2333.116241466044,2740.0961192957243,11,32.773,7359.9539587499185
2025-01-29,2524.898191400168,2326.3564498742367,2709.6658282429034,9,32.773,7359.9539587499185
2025-01-30,2481.011083777882,2278.5662953647147,2681.121990657564,13,32.773,7359.9539587499185
2025-01-31,2464.606539705354,2283.327344592167,2618.779195113187,11,32.773,7359.9539587499185
2025-02-01,2470.321023748081,2296.8469277757813,2620.935141933166,11,32.773,7359.9539587499185
2025-02-02,2444.1571274575226,2281.0591088753145,2611.50287459576,7,32.773,7359.9539587499185
2025-02-03,2424.377919511319,2247.754222062523,2587.967121810995,10,32.773,7359.9539587499185
2025-02-04,2363.71237458194,2225.992633848365,2508.7360761767877,13,32.773,7359.9539587499185
2025-02-05,2346.69384057971,2234.8634567014014,2475.5883938196193,12,32.773,7359.9539587499185
2025-02-06,2304.6438604514424,2171.6448077614086,2426.001616960115,11,32.773,7359.9539587499185
2025-02-07,2295.2610630476242,2165.9629895795906,2414.1214516708587,13,32.773,7359.9539587499185
2025-02-08,2311.624146604384,2189.0945023356094,2437.230506647503,11,32.773,7359.9539587499185
2025-02-09,2317.169176493647,2139.597556593604,2439.094502335609,11,32.773,7359.9539587499185
2025-02-10,2308.7128017508903,2131.5127560186847,2440.5767157743444,11,32.773,7359.9539587499185
2025-02-11,2271.13597864586,2106.51724757456,2385.802191879267,14,32.773,7359.9539587499185
2025-02-12,2262.5969427476343,2094.929033417176,2387.329320876752,12,32.773,7359.9539587499185
2025-02-13,2256.705892921308,2065.4644268774705,2351.149838303989,10,32.773,7359.9539587499185
2025-02-14,2270.946983307745,2098.2303269852678,2373.225835429393,11,32.773,7359.9539587499185
2025-02-15,2264.9361508057164,2162.9311893639956,2367.4541861300754,13,32.773,7359.9539587499185
2025-02-16,2269.1666938882177,2177.932985986346,2364.422385914481,11,32.773,7359.9539587499185
2025-02-17,2244.093604024434,2214.718828602228,2282.9455623427957,10,32.773,7359.9539587499185
2025-02-18,2246.9681997844054,2224.2409270571325,2275.4446640316205,12,32.773,7359.9539587499185
2025-02-19,2234.3693855551564,2169.5562342795547,2278.364175350341,13,32.773,7359.9539587499185
2025-02-20,2246.0339561624146,2178.9660438375854,2288.380344951491,10,32.773,7359.9539587499185
2025-02-21,2250.3511580047693,2176.316025871362,2294.6685231764286,11,32.773,7359.9539587499185
2025-02-22,2240.6306144448436,2186.6466043837586,2296.307941070787,10,32.773,7359.9539587499185
2025-02-23,2242.73490837226,2185.3665109593962,2287.1451670858787,10,32.773,7359.9539587499185
2025-02-24,2218.3524973050667,2184.6703197987786,2266.7310456342075,10,32.773,7359.9539587499185
2025-02-25,2188.7149658641756,2154.329859863457,2230.304527488322,10,32.773,7359.9539587499185
2025-02-26,2195.791412145167,2173.53126122889,2230.821056413942,10,32.773,7359.9539587499185
2025-02-27,2202.090070667146,2175.7545813869924,2220.535393460295,12,32.773,7359.9539587499185
2025-02-28,2210.231355959886,2180.335968379447,2227.901545095221,11,32.773,7359.9539587499185
2025-03-01,2198.2600835429394,2172.5431189363994,2218.087495508444,8,32.773,7359.9539587499185
2025-03-02,2201.293888917407,2154.1726554078336,2232.9545454545455,14,32.773,7359.9539587499185
2025-03-03,2232.144193915439,2175.821954725117,2277.3311174991018,12,32.773,7359.9539587499185
2025-03-04,2223.177244961291,2147.3230326985267,2274.770930650377,11,32.773,7359.9539587499185
2025-03-05,2224.6624423007825,2152.9150197628455,2286.9655048508807,13,32.773,7359.9539587499185
2025-03-06,2232.8422565576716,2205.398850161696,2265.428494430471,12,32.773,7359.9539587499185
2025-03-07,2222.043807641634,2185.793208767517,2257.4335249730507,12,32.773,7359.9539587499185
2025-03-08,2232.1297324665993,2188.9597556593603,2272.5700682716497,11,32.773,7359.9539587499185
2025-03-09,2227.9035867115276,2192.9796981674453,2300.2605102407474,11,32.773,7359.9539587499185
2025-03-10,2238.6999940112587,2185.0745598275244,2311.8711821775064,12,32.773,7359.9539587499185
2025-03-11,2245.5635677653286,2199.4924541861305,2297.745238950773,11,32.773,7359.9539587499185
2025-03-12,2254.8923408607207,2213.46119295724,2301.2261947538627,13,32.773,7359.9539587499185
2025-03-13,2247.0031341078775,2184.266079770033,2305.7626661875674,9,32.773,7359.9539587499185
2025-03-14,2256.8889238232127,2196.752605102408,2346.50107797341,12,32.773,7359.9539587499185
2025-03-15,2286.563510600072,2215.123068630974,2452.9509522098456,10,32.773,7359.9539587499185
2025-03-16,2350.1392382321237,2234.6613366870283,2552.1694214876034,14,32.773,7359.9539587499185
2025-03-17,2417.9841897233205,2255.389867049946,2634.319978440532,13,32.773,7359.9539587499185
2025-03-18,2448.2685052102047,2302.01221703198,2632.500898311175,12,32.773,7359.9539587499185
2025-03-19,2445.3358935201823,2328.579770032339,2649.1421128278835,12,32.773,7359.9539587499185
2025-03-20,2449.026455264104,2331.02766798419,2667.1532518864537,12,32.773,7359.9539587499185
2025-03-21,2455.9153790873156,2354.4735896514553,2650.6692418253683,9,32.773,7359.9539587499185
2025-03-22,2441.0408432147565,2357.819798778297,2570.6521739130435,9,32.773,7359.9539587499185
2025-03-23,2396.757504981544,2315.4644268774705,2570.3826805605463,11,32.773,7359.9539587499185
2025-03-24,2398.713169241825,2313.420768954366,2565.778835788717,10,32.773,7359.9539587499185
2025-03-25,2371.453398380276,2244.924541861301,2572.9428674092705,13,32.773,7359.9539587499185
2025-03-26,2377.5561036161107,2256.647502694934,2568.7657204455627,11,32.773,7359.9539587499185
2025-03-27,2375.046787040364,2212.922206252246,2562.297879985627,12,32.773,7359.9539587499185
2025-03-28,2335.9010061085164,2216.111210923464,2507.8826805605463,10,32.773,7359.9539587499185
2025-03-29,2347.318541142652,2247.2826086956525,2478.799856270212,10,32.773,7359.9539587499185
2025-03-30,2329.5534751809455,2240.9045993532163,2461.439992813511,14,32.773,7359.9539587499185
2025-03-31,2319.299092705713,2194.4619116061804,2478.5752784764645,12,32.773,7359.9539587499185
2025-04-01,2319.7538627380527,2186.9385555156305,2563.6004311893644,11,32.773,7359.9539587499185
2025-04-02,2357.654427857446,2192.418253683076,2607.707509881423,11,32.773,7359.9539587499185
2025-04-03,2486.4822882979997,2252.111031261229,2686.1525332375136,12,32.773,7359.9539587499185
2025-04-04,2514.2202659001077,2290.244340639598,2730.6413941789438,10,32.773,7359.9539587499185
2025-04-05,2511.9007515870167,2305.7851239669426,2715.415019762846,12,32.773,7359.9539587499185
2025-04-06,2486.7049946101333,2309.602946460654,2699.200503054258,9,32.773,7359.9539587499185
2025-04-07,2605.3013192341255,2358.201581027668,2807.357168523177,14,32.773,7359.9539587499185
2025-04-08,2678.1777757815307,2384.409809558031,2928.808839381962,10,32.773,7359.9539587499185
2025-04-09,2808.5760134583347,2398.4010061085164,2990.1410348544737,11,32.773,7359.9539587499185
2025-04-10,2681.303694508869,2362.895256916996,2973.1854114265184,11,32.773,7359.9539587499185
2025-04-11,2709.915359124845,2310.7258354293926,2948.2797340998923,9,32.773,7359.9539587499185
2025-04-12,2650.666996047431,2309.8724398131512,2910.438375853396,10,32.773,7359.9539587499185
2025-04-13,2675.1527128997486,2289.4358605821058,2888.02551203737,10,32.773,7359.9539587499185
2025-04-14,2659.4708198586654,2304.392741645706,2827.614085519224,12,32.773,7359.9539587499185
2025-04-15,2563.8474667624864,2285.5506647502693,2765.00179662235,12,32.773,7359.9539587499185
2025-04-16,2631.7096934685865,2296.869385555156,2770.863277039167,13,32.773,7359.9539587499185
2025-04-17,2577.200488082405,2311.3546532518867,2725.386273805246,12,32.773,7359.9539587499185
2025-04-18,2555.0795753982516,2278.9031620553365,2702.8386633129717,12,32.773,7359.9539587499185
2025-04-19,2505.0897494528467,2273.423463887891,2704.00646784046,11,32.773,7359.9539587499185
2025-04-20,2584.5804886812793,2317.889867049946,2715.819259791592,10,32.773,7359.9539587499185
2025-04-21,2577.4928135106,2304.213079410708,2719.1430111390587,10,32.773,7359.9539587499185
2025-04-22,2559.2099353215954,2311.691519942508,2762.104743083004,12,32.773,7359.9539587499185
2025-04-23,2590.088134307502,2336.417535034136,2764.507725476105,9,32.773,7359.9539587499185
2025-04-24,2550.440172475746,2314.8580668343516,2749.9326266618755,11,32.773,7359.9539587499185
2025-04-25,2562.24173553719,2301.2261947538627,2723.8366870283867,10,32.773,7359.9539587499185
2025-04-26,2560.157974436631,2310.815666546892,2728.7998562702123,14,32.773,7359.9539587499185
2025-04-27,2539.6230087435624,2300.6647502694937,2711.934063959756,9,32.773,7359.9539587499185
2025-04-28,2558.9359504132235,2291.9735896514553,2716.403162055336,10,32.773,7359.9539587499185
2025-04-29,2518.7695209928415,2308.008444125045,2741.398670499461,13,32.773,7359.9539587499185
2025-04-30,2557.50538986705,2309.4008264462814,2744.587675170679,10,32.773,7359.9539587499185
2025-05-01,2537.5310325678633,2326.3564498742367,2711.395077254761,11,32.773,7359.9539587499185
2025-05-02,2495.783551922386,2347.309558030902,2672.206252245778,12,32.773,7359.9539587499185
2025-05-03,2498.54369938362,2342.3688465684513,2666.6142651814594,13,32.773,7359.9539587499185
2025-05-04,2470.6876072982795,2370.845310815667,2659.5625224577793,9,32.773,7359.9539587499185
2025-05-05,2508.487313082175,2349.2633848365076,2679.2579949694573,13,32.773,7359.9539587499185
2025-05-06,2503.065486884657,2384.993711821775,2634.8365073661516,12,32.773,7359.9539587499185
2025-05-07,2514.822134387352,2402.218828602228,2613.2321236076177,12,32.773,7359.9539587499185
2025-05-08,2541.5132051742726,2405.632411067194,2652.4658641753504,12,32.773,7359.9539587499185
2025-05-09,2534.034764642472,2432.4694574200507,2624.6631333093783,10,32.773,7359.9539587499185
2025-05-10,2522.1433704635283,2412.7290693496225,2633.5564139417893,13,32.773,7359.9539587499185
2025-05-11,2493.49173553719,2397.727272727273,2620.396155228171,10,32.773,7359.9539587499185
2025-05-16,2291.1426518145886,2179.010959396335,2354.0693496227095,3,32.773,7359.9539587499185
2025-05-17,2243.0830039525695,2126.0555156306145,2362.131692418254,12,32.773,7359.9539587499185
2025-05-18,2172.700323392023,2054.6397772188284,2260.622529644269,11,32.773,7359.9539587499185
2025-05-19,2136.8549002874597,2056.0770750988145,2324.694574200503,8,32.773,7359.9539587499185
2025-05-20,2200.7444753862737,2044.623607617679,2483.2240388070427,12,32.773,7359.9539587499185
2025-05-21,2250.3817822493716,2036.6735537190082,2522.1433704635288,10,32.773,7359.9539587499185
2025-05-22,2167.103153763233,2047.004132231405,2487.4685591088755,13,32.773,7359.9539587499185
2025-05-23,2209.418792669781,2086.1704994610136,2499.775422206252,11,32.773,7359.9539587499185
2025-05-24,2199.7129487472644,2092.323931009702,2468.0201221703196,11,32.773,7359.9539587499185
2025-05-25,2245.7173014732302,2053.0452748832195,2522.727272727273,10,32.773,7359.9539587499185
2025-05-26,2211.2678165049706,2053.4270571325906,2591.2684153790874,12,32.773,7359.9539587499185
2025-05-27,2293.530662354773,2087.226015091628,2647.120912684154,12,32.773,7359.9539587499185
2025-05-28,2281.792049129455,2100.925260510241,2661.3366870283867,11,32.773,7359.9539587499185
2025-05-29,2334.776075523471,2144.134028027309,2653.49892202659,11,32.773,7359.9539587499185
2025-05-30,2287.516968099972,2157.3167445203017,2666.5244340639597,9,32.773,7359.9539587499185
2025-05-31,2324.188253356417,2168.7028386633133,2644.6505569529286,11,32.773,7359.9539587499185
2025-06-01,2349.501063001557,2203.512396694215,2620.5758174631696,12,32.773,7359.9539587499185
2025-06-02,2445.1491196550487,2193.51868487244,2680.1113905856987,5,32.773,7359.9539587499185
2025-06-03,2400.691699604743,2192.575458138699,2720.1536112109234,13,32.773,7359.9539587499185
2025-06-04,2544.919641982164,2162.0553359683795,2792.3329141214517,11,32.773,7359.9539587499185
2025-06-05,2498.937747035573,2132.4335249730507,2794.2642831476824,10,32.773,7359.9539587499185
2025-06-06,2458.1652402574073,2085.721343873518,2726.53162055336,11,32.773,7359.9539587499185
2025-06-07,2376.1565756378013,1986.0088034495147,2626.8864534674813,10,32.773,7359.9539587499185
2025-06-08,2231.2657204455622,1870.3736974487963,2580.9378368666908,10,32.773,7359.9539587499185
2025-06-09,2155.955803090191,1824.3577075098815,2366.3537549407115,10,32.773,7359.9539587499185
2025-06-10,2077.781498056381,1750.291951131872,2274.5014372978803,11,32.773,7359.9539587499185
2025-06-11,1984.4951491196553,1681.908012935681,2184.9398131512758,10,32.773,7359.9539587499185
2025-06-12,1794.6954725116782,1570.3602227811714,2055.1563061444485,10,32.773,7359.9539587499185
2025-06-13,1827.7600610851598,1479.8329141214517,2000.381782249371,12,32.773,7359.9539587499185
2025-06-14,1750.1184137457944,1432.2224218469278,1988.0973769313694,11,32.773,7359.9539587499185
2025-06-15,1748.9856569649062,1398.6704994610134,2011.8352497305066,12,32.773,7359.9539587499185
2025-06-16,1701.1812791951131,1389.2831476823574,2011.2513474667626,10,32.773,7359.9539587499185
2025-06-17,1680.7495658162654,1373.989399928135,2046.6897233201582,12,24.153,5424.1286414330925
2025-06-18,1705.2110214614709,1376.302551203737,2029.8239310097017,11,24.153,5424.1286414330925
2025-06-19,1688.7213576936897,1389.395436579231,2029.3074020840818,13,24.153,5424.1286414330925
2025-06-20,1731.588704145298,1382.703018325548,2018.8420768954365,11,24.153,5424.1286414330925
2025-06-21,1692.385430774759,1380.704275961193,2041.9511318720804,13,24.153,5424.1286414330925
2025-06-22,1823.5617039964866,1429.1681638519585,2093.49173553719,9,24.153,5424.1286414330925
2025-06-23,1790.9158282429034,1430.807581746317,2114.377470355731,10,24.153,5424.1286414330925
2025-06-24,1811.6937657204458,1437.3877111031263,2160.4159180740207,10,24.153,5424.1286414330925
2025-06-25,1753.666742887009,1420.117678763924,2206.7687747035575,11,24.153,5424.1286414330925
2025-06-26,1837.2198902427074,1397.7721882860224,2218.8735177865615,11,24.153,5424.1286414330925
2025-06-27,1737.4958292695449,1355.214696370823,2213.1916996047435,14,24.153,5424.1286414330925
2025-06-28,1796.4045095220986,1349.2184692777578,2198.1449874236437,10,24.153,5424.1286414330925
2025-06-29,1753.724536333232,1328.3327344592167,2221.50107797341,13,24.153,5424.1286414330925
2025-06-30,1865.019388549527,1312.522457779375,2212.315846209127,12,24.153,5424.1286414330925
2025-07-01,1779.4231460239366,1308.592346388789,2142.2026590010782,13,24.153,5424.1286414330925
2025-07-02,1763.483305232317,1325.0988142292492,2121.204635285663,13,24.153,5424.1286414330925
2025-07-03,1831.9729363342374,1329.4780812073302,2102.5646784045994,11,24.153,5424.1286414330925
2025-07-04,1825.121272008624,1378.6381602587137,2121.9457420050308,11,24.153,5424.1286414330925
2025-07-05,1753.2298369973541,1380.210204814948,2147.188286022278,11,24.153,5424.1286414330925
2025-07-06,1756.7577499755005,1388.5420409629896,2174.51940352138,11,24.153,5424.1286414330925
2025-07-07,1818.3184363396815,1440.7563780093426,2157.676068990298,12,24.153,5424.1286414330925
2025-07-08,1808.382740447958,1458.4531081566656,2177.438914840101,12,24.153,5424.1286414330925
2025-07-09,1817.0670956783067,1495.396155228171,2157.8557312252965,11,24.153,5424.1286414330925
2025-07-10,1862.8372409869446,1523.1539705353937,2168.2536830758177,12,24.153,5424.1286414330925
2025-07-11,1874.4212803007272,1605.4617319439453,2152.106539705354,13,24.153,5424.1286414330925
2025-07-12,1838.1898281231286,1616.8702838663314,2091.5603665109593,12,24.153,5424.1286414330925
2025-07-13,1886.2401185770752,1611.210923463888,2056.9753862738053,10,24.153,5424.1286414330925
2025-07-14,1870.3250389268178,1634.4547251167805,2060.3665109593967,12,24.153,5424.1286414330925
2025-07-15,1915.2712899748472,1698.9759252605104,2087.315846209127,10,24.153,5424.1286414330925
2025-07-16,1962.3987672406645,1773.9175350341359,2123.9444843693855,13,24.153,5424.1286414330925
2025-07-17,1972.9902014981067,1833.2734459216672,2159.4726913402806,13,24.153,5424.1286414330925
2025-07-18,2002.8113056544607,1879.7610492274525,2199.784405318002,11,24.153,5424.1286414330925
2025-07-19,2025.5394857667586,1855.4168163851957,2152.5107797340997,9,24.153,5424.1286414330925
2025-07-20,2039.6338973638651,1909.6748113546532,2190.9135824649657,11,24.153,5424.1286414330925
2025-07-21,2040.0743031671886,1983.1117499101688,2192.800035932447,7,24.153,5424.1286414330925
2025-07-22,2063.577973409989,1963.5510240747394,2192.4856270212003,12,24.153,5424.1286414330925
2025-07-23,2097.698826206731,1867.1846927775782,2289.5706072583544,12,24.153,5424.1286414330925
2025-07-24,2061.5895961745764,1858.0443765720447,2312.6572044556237,13,24.153,5424.1286414330925
2025-07-25,2101.010600071865,1879.8733381243262,2312.54491555875,10,24.153,5424.1286414330925
2025-07-26,2052.0234459216676,1858.807941070787,2314.4987423643547,12,24.153,5424.1286414330925
2025-07-27,2047.2695423512887,1854.7206252245778,2309.760150916278,11,24.153,5424.1286414330925
2025-07-28,2014.026754701162,1814.0046712181102,2296.420229967661,12,24.153,5424.1286414330925
2025-07-29,2006.896579884363,1769.3361480416818,2301.428314768236,11,24.153,5424.1286414330925
2025-07-30,2000.5439773226333,1774.2319439453827,2303.51688825009,9,24.153,5424.1286414330925
2025-07-31,1989.705699438901,1782.1146245059288,2286.808300395257,13,24.153,5424.1286414330925
2025-08-01,2030.3535603066236,1805.2685950413227,2273.5357527847646,12,24.153,5424.1286414330925
2025-08-02,1982.3687717091868,1821.9547251167805,2236.0537190082646,12,24.153,5424.1286414330925
2025-08-03,2039.5200772547612,1800.2380524613727,2360.2676967301477,12,24.153,5424.1286414330925
2025-08-04,2117.201025708033,1781.3959755659362,2458.093783686669,11,24.153,5424.1286414330925
2025-08-05,2221.7358638486917,1776.00610851599,2548.688465684513,11,24.153,5424.1286414330925
2025-08-06,2185.0914031620555,1775.9836507366153,2535.6629536471437,12,24.153,5424.1286414330925
2025-08-07,2163.385959396335,1762.082285303629,2551.0689902982394,12,24.153,5424.1286414330925
2025-08-08,2313.314604906412,1776.2980596478621,2544.5786920589294,11,24.153,5424.1286414330925
2025-08-09,2334.006386175808,1788.9417894358605,2574.1780452748835,11,24.153,5424.1286414330925
2025-08-10,2299.691045120887,1788.3354293927416,2643.99928135106,14,24.153,5424.1286414330925
2025-08-11,2329.1165109593962,1788.2905138339922,2591.2459575997127,10,24.153,5424.1286414330925
2025-08-12,2285.262796851011,1795.3647143370463,2602.5871361839745,11,24.153,5424.1286414330925
2025-08-13,2265.1998334041095,1810.613546532519,2617.1622349982035,11,24.153,5424.1286414330925
2025-08-14,2296.9735079868033,1843.6713977721884,2630.165289256199,11,24.153,5424.1286414330925
2025-08-15,2313.308480057492,1862.8054257994972,2582.2628458498025,13,24.153,5424.1286414330925
2025-08-16,2225.4573901065996,1841.1112109234641,2619.8571685231764,12,24.153,5424.1286414330925
2025-08-17,2258.127674517362,1828.736974487963,2632.6581027667985,11,24.153,5424.1286414330925
2025-08-18,2285.5749940112587,1801.2711103126123,2607.8647143370463,12,24.153,5424.1286414330925
2025-08-19,2185.6707117891096,1775.3997484728711,2563.1512756018687,11,24.153,5424.1286414330925
2025-08-20,2158.2300275482094,1792.3329141214517,2518.5725835429394,12,24.153,5424.1286414330925
2025-08-21,2214.535083134616,1830.9827524254404,2475.49856270212,11,24.153,5424.1286414330925
2025-08-22,2178.831297161337,1836.7544017247574,2408.798957959037,13,24.153,5424.1286414330925
2025-08-23,2160.8793649756644,1863.8609414301116,2412.392202659001,11,24.153,5424.1286414330925
2025-08-24,2113.4297520661157,1828.5797700323394,2420.3422565576716,10,24.153,5424.1286414330925
2025-08-25,2180.2079590370104,1804.3927416457059,2421.3528566295367,10,24.153,5424.1286414330925
2025-08-26,2129.532388201091,1787.6392382321237,2503.4584980237155,11,24.153,5424.1286414330925
2025-08-27,2119.385555156306,1778.521379805965,2511.228889687388,10,24.153,5424.1286414330925
2025-08-28,2172.3821715175472,1781.598095580309,2563.3309378368667,12,24.153,5424.1286414330925
2025-08-29,2142.7124505928855,1796.0833632770393,2585.6988860941433,10,24.153,5424.1286414330925
2025-08-30,2199.102505471532,1812.6796622349984,2591.829859863457,11,24.153,5424.1286414330925
2025-08-31,2250.893320557352,1805.9198706431907,2569.911067193676,9,24.153,5424.1286414330925
2025-09-01,2217.4549347227216,1811.7139777218829,2483.5384477182897,12,24.153,5424.1286414330925
2025-09-02,2190.3500963642896,1819.3496227093067,2422.385914480776,11,24.153,5424.1286414330925
2025-09-03,2183.498023715415,1803.98850161696,2507.298778296802,10,24.153,5424.1286414330925
2025-09-04,2343.262345362148,1807.0876751706792,2723.3650736615164,14,24.153,5424.1286414330925
2025-09-05,2318.1526230686313,1805.2236794825728,2729.0468918433344,10,24.153,5424.1286414330925
2025-09-06,2318.773206372021,1792.2430830039527,2709.7781171397774,12,24.153,5424.1286414330925
2025-09-07,2208.839381961912,1824.0208408192598,2721.096837944664,10,24.153,5424.1286414330925
2025-09-08,2312.6710246275466,1830.0395256916995,2712.2484728710024,13,24.153,5424.1286414330925
2025-09-09,2291.0752784764645,1831.005210204815,2692.4407114624505,10,24.153,5424.1286414330925
2025-09-10,2307.926779472773,1945.629716133669,2671.936758893281,11,24.153,5424.1286414330925
2025-09-11,2356.8357397184204,2011.9475386273807,2639.4852676967303,11,24.153,5424.1286414330925
2025-09-12,2354.0162675987326,2114.5571325907295,2590.0556952928496,11,24.153,5424.1286414330925
2025-09-13,2335.0251527129,2250.1796622349984,2560.2542220625223,10,24.153,5424.1286414330925
2025-09-14,2411.928075218589,2309.333453108157,2527.03916636723,12,24.153,5424.1286414330925
2025-09-15,2457.058684219123,2367.0499461013296,2558.4800574919154,11,24.153,5424.1286414330925
2025-09-16,2521.112354228596,2406.2163133309377,2643.033596837945,11,24.153,5424.1286414330925
2025-09-17,2516.590174109039,2405.385375494071,2657.3167445203017,11,24.153,5424.1286414330925
2025-09-18,2532.638639358007,2393.0785123966944,2678.1575637800934,9,24.153,5424.1286414330925
2025-09-19,2502.5096568451313,2369.3406395975567,2698.324649658642,12,24.153,5424.1286414330925
2025-09-20,2527.1271260031144,2382.4784405318005,2709.710743801653,12,24.153,5424.1286414330925
2025-09-21,2497.383668702839,2379.9182536830763,2681.121990657564,10,24.153,5424.1286414330925
2025-09-22,2465.5824323000033,2326.086956521739,2633.174631692418,11,24.153,5424.1286414330925
2025-09-23,2382.1550485088037,2284.0909090909095,2583.0264103485447,10,24.153,5424.1286414330925
2025-09-24,2389.5363081044,2292.1083363277044,2545.1176787639242,11,24.153,5424.1286414330925
2025-09-25,2357.60324162004,2281.9349622709306,2505.9737693136904,14,24.153,5424.1286414330925
2025-09-26,2355.8929213079414,2262.0598275242546,2483.695652173913,10,24.153,5424.1286414330925
2025-09-27,2326.707136736781,2271.1327703916636,2457.7569169960475,13,24.153,5424.1286414330925
2025-09-28,2345.1592256557674,2290.109593963349,2465.7743442328424,12,24.153,5424.1286414330925
2025-09-29,2302.4819589172357,2259.6793029105283,2377.5826446280994,12,24.153,5424.1286414330925
2025-09-30,2259.2284198015423,2174.204994610133,2366.308839381962,13,24.153,5424.1286414330925
2025-10-01,2226.7337405677326,2122.125404240029,2335.2721882860224,10,24.153,5424.1286414330925
2025-10-02,2228.8672296083364,2111.6151634926337,2304.190621631333,11,24.153,5424.1286414330925
2025-10-03,2208.769558684219,2104.6532518864537,2279.442148760331,11,24.153,5424.1286414330925
2025-10-04,2183.59847123771,2082.8467481135467,2271.694214876033,11,24.153,5424.1286414330925
2025-10-05,2180.8281680440773,2047.6554078332738,2285.2362558390228,12,24.153,5424.1286414330925
2025-10-06,2191.397445529677,2056.0770750988145,2276.9717930291054,11,24.153,5424.1286414330925
2025-10-07,2171.4224757455986,2039.3684872439812,2297.49820337765,10,24.153,5424.1286414330925
2025-10-08,2195.4396887697285,2044.623607617679,2308.929213079411,13,24.153,5424.1286414330925
2025-10-09,2181.490672535633,2025.2874595759972,2293.725296442688,12,24.153,5424.1286414330925
2025-10-10,2171.214366990059,2035.797700323392,2292.4676607977003,12,24.153,5424.1286414330925
2025-10-11,2168.1713378847767,2054.1457060725834,2298.0371900826444,12,24.153,5424.1286414330925
2025-10-12,2158.1088916473395,2075.5928853754945,2287.077793747754,11,24.153,5424.1286414330925
2025-10-13,2151.052895556354,2033.0353934602947,2295.8587854832917,12,24.153,5424.1286414330925
2025-10-14,2161.598013915657,2038.3354293927416,2264.9568810636006,11,24.153,5424.1286414330925
2025-10-15,2153.982628043893,2039.0540783327344,2250.920768954366,13,24.153,5424.1286414330925
2025-10-16,2146.478274689737,2058.592346388789,2259.005569529285,13,24.153,5424.1286414330925
2025-10-17,1649.9851433151828,503.301293568092,2204.500538986705,13,24.153,5424.1286414330925
2025-10-18,1647.156002964427,535.4608336327705,2189.925440172476,16,24.153,5424.1286414330925
2025-10-19,1757.1626280093426,556.099532878189,2174.47448796263,16,24.153,5424.1286414330925
2025-10-20,1714.1429469739746,589.696370822853,2188.3983111749912,14,24.153,5424.1286414330925
2025-10-21,1838.9424310867,619.0486884656846,2227.407473948976,14,21.958,4931.189363995688
2025-10-22,1752.8985507246377,629.8957959037011,2201.603485447359,15,21.958,4931.189363995688
2025-10-23,1703.088506108516,669.0621631333095,2240.4779015450954,16,21.958,4931.189363995688
2025-10-24,1731.6379581386993,726.4867049946101,2238.816025871362,16,21.958,4931.189363995688
2025-10-25,1819.2597915918077,744.699964067553,2288.604922745239,11,21.958,4931.189363995688
2025-10-26,1831.4479492839178,781.9798778296803,2357.8422565576716,14,21.958,4931.189363995688
2025-10-27,1860.7665802576869,814.5661157024794,2399.883219547251,14,21.958,4931.189363995688
2025-10-28,1902.2370755479699,860.0431189363997,2378.7729069349625,16,21.958,4931.189363995688
2025-10-29,1929.8579385041835,911.6286381602588,2345.535393460295,14,21.958,4931.189363995688
2025-10-30,1823.2165715954006,956.7912324829321,2305.111390585699,16,21.958,4931.189363995688
2025-10-31,2026.227231266757,1005.3449514911966,2378.2339202299677,13,21.958,4931.189363995688
2025-11-01,1882.517741645706,1054.3478260869565,2484.077434423284,16,21.958,4931.189363995688
2025-11-02,1965.63398311175,1110.2901545095222,2564.0945023356094,16,21.958,4931.189363995688
2025-11-03,1858.613841691905,1168.5456342076895,2581.903521379806,14,21.958,4931.189363995688
2025-11-04,1867.3723756480674,1232.5727632051744,2659.405318002156,14,21.958,4931.189363995688
2025-11-05,1973.6233381243264,1292.0409629895796,2788.4926338483656,16,21.958,4931.189363995688
2025-11-06,1954.2535034135826,1361.4579590370104,2832.128099173554,15,21.958,4931.189363995688
2025-11-07,1973.302191879267,1395.4141214516708,2845.378189004671,15,21.958,4931.189363995688
2025-11-08,1874.9775422206253,1451.3339920948617,2881.153431548689,14,21.958,4931.189363995688
2025-11-09,1906.6549886213918,1508.286920589292,2980.7087675170683,15,21.958,4931.189363995688
2025-11-10,1971.096837944664,1577.4568810636003,3125.0,18,21.958,4931.189363995688
2025-11-11,1989.7672732405936,1601.9583183614807,3231.1803808839386,14,21.958,4931.189363995688
2025-11-12,2076.242839931517,1569.9559827524256,3350.880344951491,17,21.958,4931.189363995688
2025-11-13,2226.871942286962,1539.7951850521022,3440.0826446280994,13,21.958,4931.189363995688
2025-11-14,2094.540341081843,1506.9619116061806,3479.3388429752067,13,21.958,4931.189363995688
2025-11-15,2133.1948436938555,1463.2590729428675,3535.528206970895,20,21.958,4931.189363995688
2025-11-16,2153.296802012217,1468.0650377290694,3554.03341717571,14,21.958,4931.189363995688
2025-11-17,2193.2521858905257,1532.3392022996766,3651.9942508084805,15,21.958,4931.189363995688
2025-11-18,2274.5807881183373,1580.6234279554437,3687.9716133668708,15,21.958,4931.189363995688
2025-11-19,2348.001538357887,1665.199425080848,3737.4910168882498,16,21.958,4931.189363995688
2025-11-20,2382.40785893948,1771.0878548329142,3781.440891124686,14,21.958,4931.189363995688
2025-11-21,2267.4753606077716,1840.4599353215954,3807.9410707869206,7,21.958,4931.189363995688
2025-11-22,2526.5450952209844,1954.7026590010782,3805.8075817463173,14,21.958,4931.189363995688
2025-11-23,2711.0317896472284,2010.0386273805248,3918.006647502695,17,21.958,4931.189363995688
2025-11-24,2643.933512140034,2107.2358965145527,4036.6510959396337,14,21.958,4931.189363995688
2025-11-25,2846.8858545933645,2188.4656845131153,4180.201221703199,15,21.958,4931.189363995688
2025-11-26,2828.4127402982394,2301.2261947538627,4298.643550125764,16,21.958,4931.189363995688
2025-11-27,3060.037504491556,2480.3269852676967,4303.427057132591,20,21.958,4931.189363995688
2025-11-28,3068.5501257635647,2648.490837226015,4323.796263025512,15,21.958,4931.189363995688
2025-11-29,3064.490816089282,2719.8616600790515,4256.580129356809,17,21.958,4931.189363995688
2025-11-30,3209.3415940531804,2695.360222781171,4186.489399928136,16,21.958,4931.189363995688
2025-12-01,3109.8769313690264,2672.3409989220268,4084.8679482572766,15,21.958,4931.189363995688
2025-12-02,3159.979394987424,2665.940531800216,4045.3871721164214,16,21.958,4931.189363995688
2025-12-03,3147.276619954486,2627.200862378728,4058.0982752425443,15,21.958,4931.189363995688
2025-12-04,3287.554589679096,2619.6775062881784,4089.920948616601,13,21.958,4931.189363995688
2025-12-05,3341.492993172835,2612.7380524613727,4037.841358246497,15,21.958,4931.189363995688
2025-12-06,3359.414301113906,2672.2736255839027,4106.674452030184,14,21.958,4931.189363995688
2025-12-07,3456.960414420889,2681.05461731944,4231.023176428315,15,21.958,4931.189363995688
2025-12-08,3522.381984369386,2780.1607977003237,4296.599892202659,16,21.958,4931.189363995688
2025-12-09,3677.989130434783,2765.9450233560906,4328.826805605462,14,21.958,4931.189363995688
2025-12-11,3802.1581925979162,3071.5280273086596,4253.256378009342,4,21.958,4931.189363995688
2025-12-12,3798.760330578513,3031.7103844771827,4209.239130434783,15,21.958,4931.189363995688
2025-12-13,3657.0008384237635,2973.926518145886,4087.4955084441253,15,21.958,4931.189363995688
2025-12-14,3570.333554168164,2891.304347826087,4020.818361480417,16,21.958,4931.189363995688
2025-12-15,3517.776735986346,2831.701401365433,3937.926697808121,16,21.958,4931.189363995688
2025-12-16,3495.5783127719887,2767.561983471074,3859.9757455982754,18,21.958,4931.189363995688
2025-12-17,3322.2915918074023,2732.932087675171,3730.978260869565,15,21.958,4931.189363995688
2025-12-18,3317.811264822135,2676.8774703557315,3672.7676967301472,14,21.958,4931.189363995688
2025-12-19,3210.9713738172236,2611.0761767876393,3569.866151634926,15,21.958,4931.189363995688
2025-12-20,3078.90861608747,2550.0583902263747,3457.734459216673,14,21.958,4931.189363995688
2025-12-21,2969.839202299677,2452.5017966223504,3401.7696730147322,16,21.958,4931.189363995688
2025-12-22,2994.465560995329,2413.1782249371186,3330.488681279195,16,21.958,4931.189363995688
2025-12-23,2892.4151441443933,2376.908911246856,3253.233920229968,13,21.958,4931.189363995688
2025-12-24,2841.8902151455263,2321.909809558031,3186.961013295005,16,21.958,4931.189363995688
2025-12-25,2772.4937118217754,2250.8758533956166,3060.9279554437658,15,21.958,4931.189363995688
2025-12-26,2653.866668163852,2184.310995328782,3019.8526769673017,16,21.958,4931.189363995688
2025-12-27,2666.9132343693855,2156.216313330938,2962.5853395616246,16,21.958,4931.189363995688
2025-12-28,2585.189375224578,2105.7087675170683,2877.3805246137263,16,21.958,4931.189363995688
2025-12-29,2535.3623649078195,2122.484728710025,2783.978620194035,13,21.958,4931.189363995688
2025-12-30,2472.256220804887,2158.192597915918,2742.2296083363276,16,21.958,4931.189363995688
2025-12-31,2492.404779015451,2162.2574559827526,2677.618577075099,15,21.958,4931.189363995688
2026-01-01,2389.693992940331,2142.090370104204,2617.6113905856987,17,21.958,4931.189363995688
2026-01-02,2368.707330219188,2176.3609414301113,2564.498742364355,15,21.958,4931.189363995688
2026-01-03,2332.8467481135467,2139.620014372979,2535.0565936040243,16,21.958,4931.189363995688
2026-01-04,2329.6773939992813,2124.730506647503,2493.9588573481856,16,21.958,4931.189363995688
2026-01-05,2271.46121541502,2063.712720086238,2429.415199425081,16,21.958,4931.189363995688
2026-01-06,2251.9358605821058,2022.098454904779,2391.865792310456,15,21.958,4931.189363995688
2026-01-07,2213.7927754644797,1954.9272367948258,2363.52407473949,17,21.958,4931.189363995688
2026-01-08,2152.396763315736,1888.6992454186131,2376.97628458498,13,21.958,4931.189363995688
2026-01-09,2111.6488501616964,1831.521739130435,2352.7667984189725,4,21.958,4931.189363995688
2026-01-10,2061.631632530842,1797.9024434063958,2351.5091627739853,15,21.958,4931.189363995688
2026-01-11,2054.410988591448,1757.298778296802,2316.9466403162055,16,21.958,4931.189363995688
2026-01-12,1957.6581027667985,1727.901545095221,2248.3381243262666,15,21.958,4931.189363995688
2026-01-13,1942.5305425799497,1733.0892921307943,2202.883578871721,15,21.958,4931.189363995688
2026-01-14,1939.2583120204602,1751.4597556593603,2198.3021918792674,17,21.958,4931.189363995688
2026-01-15,1937.4086716972092,1761.0716852317644,2178.427057132591,15,21.958,4931.189363995688
2026-01-16,1913.847145937067,1757.8377650017967,2154.5319798778296,14,21.958,4931.189363995688
2026-01-17,1882.2394255941688,1746.810995328782,2117.0499461013296,14,21.958,4931.189363995688
2026-01-18,1945.4335848604626,1754.3568091987065,2183.524973050665,15,21.958,4931.189363995688
2026-01-19,1918.3450113786084,1775.8264462809918,2205.4662234998204,15,21.958,4931.189363995688
2026-01-20,1971.3145056524504,1777.8476464247217,2244.520301832555,13,21.958,4931.189363995688
2026-01-21,1968.75,1792.377829680201,2254.940711462451,14,21.958,4931.189363995688
2026-01-22,1912.3524696647228,1794.1519942508085,2237.5808480057494,13,21.958,4931.189363995688
2026-01-23,1950.1044286740928,1794.4214876033059,2226.6214516708587,16,21.958,4931.189363995688
2026-01-24,1967.9796981674453,1795.9486166007905,2222.623966942149,15,21.958,4931.189363995688
2026-01-25,1925.4005411003784,1793.8825008983113,2185.4114265181456,17,21.958,4931.189363995688
2026-01-26,1909.1403162055335,1794.2642831476824,2145.7060725835427,15,21.958,4931.189363995688
2026-01-27,1910.33357288298,1802.0571325907297,2097.5565936040243,15,21.958,4931.189363995688
2026-01-28,1869.0227756433292,1794.690980955803,2060.6809198706433,13,21.958,4931.189363995688
2026-01-29,1872.4323272248175,1800.5973769313691,2037.7739849083723,12,21.958,4931.189363995688
2026-01-30,1839.0703602227811,1774.7933884297522,2021.5594681997845,16,21.958,4931.189363995688
2026-01-31,1833.9776577177763,1755.120373697449,1997.2601509162773,14,21.958,4931.189363995688
2026-02-01,1841.5828242903342,1745.710564139418,1959.2840459935321,14,21.958,4931.189363995688
2026-02-02,1841.836769949418,1739.602048149479,1934.715235357528,13,21.958,4931.189363995688
2026-02-03,1844.476883459097,1746.0474308300395,1954.3433345310814,15,21.958,4931.189363995688
2026-02-04,1855.9333453108156,1757.2314049586778,1966.1336687028386,15,21.958,4931.189363995688
2026-02-05,1875.1901425320398,1747.7991376212722,2016.9331656485808,15,21.958,4931.189363995688
2026-02-06,1936.3112348784284,1759.3873517786562,2070.7869205892925,15,21.958,4931.189363995688
2026-02-07,1974.149598754342,1763.2276320517428,2131.5801293568093,15,21.958,4931.189363995688
2026-02-08,1966.651925149949,1741.0168882500898,2126.9762845849805,13,21.958,4931.189363995688
2026-02-09,2003.9553763923825,1720.018864534675,2230.798598634567,16,21.958,4931.189363995688
2026-02-10,2004.546836562647,1710.3395616241467,2233.3587854832913,13,21.958,4931.189363995688
2026-02-11,2002.070928083774,1702.0750988142292,2239.3325547969816,14,21.958,4931.189363995688
2026-02-12,2001.2950652772788,1697.7856629536473,2243.2626661875674,15,21.958,4931.189363995688
2026-02-13,1952.9958677685952,1692.9572403880707,2251.190262306863,12,21.958,4931.189363995688
2026-02-14,1904.088438735178,1689.0495867768595,2278.948077614086,16,21.958,4931.189363995688
2026-02-15,1938.3521479618316,1688.6902623068631,2343.1548688465687,18,21.958,4931.189363995688
2026-02-16,1920.831515322622,1704.0289256198348,2450.637800934244,14,21.958,4931.189363995688
2026-02-17,2017.04064216416,1744.2508084800575,2533.2375134746676,14,21.958,4931.189363995688
2026-02-18,1989.4608849648375,1784.7421846927775,2544.107078692059,14,21.958,4931.189363995688
2026-02-19,2042.1163569631951,1788.1333093783687,2532.002335609055,14,21.958,4931.189363995688
2026-02-20,2042.6997245179064,1810.4787998562704,2538.9642472152354,12,21.958,4931.189363995688
2026-02-21,2076.8715751886457,1819.529284944305,2560.8605821056417,16,21.958,4931.189363995688
2026-02-22,2188.4894633383356,1866.48850161696,2634.4098095580307,17,21.958,4931.189363995688
2026-02-23,2261.480416816385,1963.0344951491197,2769.1340280273084,15,21.958,4931.189363995688
2026-02-24,2335.3245897712304,2020.885734818541,2898.198886094143,15,21.958,4931.189363995688
2026-02-25,2447.402477093065,2138.6543298598635,2921.1507366151636,16,21.958,4931.189363995688
2026-02-26,2550.8788477661997,2255.883938196191,2948.1674452030184,15,21.958,4931.189363995688
2026-02-27,2631.9259791591808,2344.8616600790515,3056.908012935681,15,21.958,4931.189363995688
2026-02-28,2744.551181279195,2486.682536830758,3147.5251527129,16,21.958,4931.189363995688
2026-03-01,2880.3295117678763,2691.0258713618396,3249.0343154868847,16,21.958,4931.189363995688
2026-03-02,2992.8247394897594,2787.729069349623,3429.415199425081,18,21.958,4931.189363995688
2026-03-03,3103.087623838612,2808.1431908012937,3608.7854832914118,14,21.958,4931.189363995688
2026-03-04,3193.7155207034307,2816.9690980955806,3784.225655767158,17,21.958,4931.189363995688
2026-03-05,3191.704096298958,2794.825727632052,3780.026051024075,15,21.958,4931.189363995688
2026-03-06,3140.97229351676,2731.404958677686,3700.795005389867,14,21.958,4931.189363995688
2026-03-07,2980.0602991376213,2679.213079410708,3649.5463528566293,16,21.958,4931.189363995688
2026-03-08,3040.457689543658,2625.606360043119,3626.527128997485,16,21.958,4931.189363995688
2026-03-09,2852.9524493951376,2512.913223140496,3476.1947538627383,15,21.958,4931.189363995688
2026-03-10,2798.734985370361,2455.8704635285662,3431.0321595400646,14,21.958,4931.189363995688
2026-03-11,2783.795749704841,2369.587675170679,3404.7790154509526,14,21.958,4931.189363995688
2026-03-12,2768.4782608695655,2335.945921667266,3381.378009342436,15,21.958,4931.189363995688
2026-03-13,2781.473829201102,2313.802551203737,3375.5614444843695,15,21.958,4931.189363995688
2026-03-14,2907.9725116780455,2325.682716492993,3446.6627739849087,15,21.958,4931.189363995688
2026-03-15,2944.432848597578,2380.996227093065,3480.237154150198,17,21.958,4931.189363995688
2026-03-16,2963.5560146923785,2452.3445921667267,3453.040783327345,18,21.958,4931.189363995688
2026-03-17,2864.8687342795547,2488.5914480776146,3430.425799496946,16,21.958,4931.189363995688
2026-03-18,2861.9699964067554,2431.324110671937,3424.51940352138,15,21.958,4931.189363995688
2026-03-19,2767.325313026894,2405.430291052821,3295.7689543657925,13,21.958,4931.189363995688
2026-03-20,2694.0336096709616,2405.4527488321955,3258.174631692418,14,21.958,4931.189363995688
2026-03-21,2796.9350313717905,2392.4496945742007,3238.5016169601154,13,21.958,4931.189363995688
2026-03-22,2751.2741046831957,2412.5943226733743,3171.285483291412,15,21.958,4931.189363995688
2026-03-23,2745.547745238951,2406.890046712181,3110.379985627021,16,21.958,4931.189363995688
2026-03-24,2749.88450284893,2427.01221703198,3066.3402802730866,14,21.958,4931.189363995688
2026-03-25,2749.687088274045,2418.6579231045635,3143.0785123966944,15,21.958,4931.189363995688
2026-03-26,2798.3804732816593,2395.4365792310455,3166.2998562702123,14,21.958,4931.189363995688
2026-03-27,2776.607656177814,2341.98706431908,3152.3311174991018,14,21.958,4931.189363995688
2026-03-28,2681.3016528925623,2288.4701760689904,3155.1607977003237,15,21.958,4931.189363995688
2026-03-29,2859.9687275422207,2294.0397053539346,3261.633129716134,16,21.958,4931.189363995688
2026-03-30,2905.5907037626407,2395.6836148041684,3407.9455623427957,14,21.958,4931.189363995688
2026-03-31,2955.544825727632,2401.6798418972335,3533.5519223859146,14,21.958,4931.189363995688
2026-04-01,2955.237562473459,2400.3772906934964,3698.661516349264,11,21.958,4931.189363995688
2026-04-02,3032.28305785124,2399.389148401006,3741.2414660438376,12,21.958,4931.189363995688
2026-04-03,3042.052191879267,2402.712899748473,3801.113905856989,16,21.958,4931.189363995688
2026-04-04,3077.373466454494,2431.7283507006828,3859.549047790155,14,21.958,4931.189363995688
2026-04-05,3096.2540424002873,2443.2042759611927,3931.683435141934,14,21.958,4931.189363995688
2026-04-06,3307.368397412864,2560.141933165649,4114.6918792669785,16,21.958,4931.189363995688
2026-04-07,3301.7711702000242,2651.3429752066118,4119.048688465685,15,21.958,4931.189363995688
2026-04-08,3325.1268864534677,2675.103305785124,4124.483471074381,16,21.958,4931.189363995688
2026-04-09,3422.196627483189,2664.0765361121094,4135.353036291772,14,21.958,4931.189363995688
2026-04-10,3345.3660963542384,2639.440352137981,4136.56575637801,13,21.958,4931.189363995688
2026-04-11,3424.793388429752,2607.2358965145527,4096.5235357527845,15,21.958,4931.189363995688
2026-04-12,3459.1974231302297,2596.1642112827885,4122.5071864894,14,21.958,4931.189363995688
2026-04-13,3483.87381722362,2597.781171397772,4108.403701042042,15,21.958,4931.189363995688
2026-04-14,3478.9795185052103,2596.4337046352857,4110.0431189364,14,21.958,4931.189363995688
2026-04-15,3468.4548406139315,2600.116780452749,4151.230686309738,14,21.958,4931.189363995688
2026-04-16,3509.4896594402526,2599.2858426158823,4154.711642112828,18,21.958,4931.189363995688
2026-04-17,3443.9843094981434,2554.325368307582,4097.332015810276,15,21.958,4931.189363995688
2026-04-18,3455.205713259073,2557.716492993173,4075.9746676248656,15,21.958,4931.189363995688
2026-04-19,3629.417766028438,2658.507006827165,4190.352137980596,14,21.958,4931.189363995688
2026-04-20,3692.5889328063245,2755.5919870643193,4168.882500898311,15,21.958,4931.189363995688
2026-04-21,3570.8173046437405,2869.385555156306,3988.52407473949,17,21.958,4931.189363995688
2026-04-22,3434.623907054737,2961.282788357887,3851.509162773985,15,21.958,4931.189363995688
2026-04-23,3358.5279674212484,2885.802191879267,3785.079051383399,15,21.958,4931.189363995688
2026-04-24,3281.822673374057,2939.813151275602,3654.823931009702,16,21.958,4931.189363995688
2026-04-25,3177.3743487243983,2907.4290334171756,3485.7842256557674,16,21.958,4931.189363995688
2026-04-26,3075.853395616242,2820.000898311175,3395.122170319799,15,21.958,4931.189363995688
2026-04-27,2949.6032458977124,2695.944125044916,3262.8683075817466,15,21.958,4931.189363995688
2026-04-28,2834.6224098694456,2602.5871361839745,3127.7847646424725,15,21.958,4931.189363995688
2026-04-29,2706.9666838842977,2503.0767157743444,3029.621810995329,16,21.958,4931.189363995688
2026-04-30,2627.730865971973,2389.7547610492275,2917.108336327704,15,21.958,4931.189363995688
2026-05-01,2507.337455583503,2311.5343154868847,2775.3099173553724,18,21.958,4931.189363995688
2026-05-02,2485.849994866793,2306.099532878189,2659.6748113546532,14,21.958,4931.189363995688
2026-05-03,2416.3537549407115,2299.6092346388787,2530.99173553719,15,21.958,4931.189363995688
2026-05-04,2391.8405273086596,2332.0607258354294,2479.9676607977003,16,21.958,4931.189363995688
2026-05-05,2343.611510360522,2280.385375494071,2417.0185052102047,15,21.958,4931.189363995688
2026-05-06,2310.2497305066477,2189.0945023356094,2453.9390945023356,15,21.958,4931.189363995688
2026-05-07,2290.5755928853755,2130.6818181818185,2461.978979518505,12,21.958,4931.189363995688
2026-05-08,2189.560501257636,2057.424541861301,2476.913402802731,8,21.958,4931.189363995688
2026-05-09,2255.8931855171104,2055.942328422566,2488.3668702838663,17,21.958,4931.189363995688
2026-05-10,2250.7739296276845,2072.4937118217754,2506.175889328063,13,21.958,4931.189363995688
2026-05-11,2302.778423622414,2129.581386992454,2555.807581746317,17,21.958,4931.189363995688
2026-05-12,2325.639298119536,2194.3720804886816,2596.793029105282,15,21.958,4931.189363995688
2026-05-13,2383.219547251168,2383.219547251168,2383.219547251168,1,21.958,4931.189363995688
